id,vesselName,vhash,companyName,chash,platformName,phash,voyageCount,multi
1,HAVILA AURORA,733882495,TOTAL,80012068,ELGIN,66057637,3,1
2,SKANDI BARRA,954942860,TOTAL,80012068,ELGIN,66057637,3,1
3,BOURBON MONSOON,-376771394,BP,2126,MARNOCK-SKUA (cond),-1044193739,3,1
4,BOURBON MONSOON,-376771394,BP,2126,MONAN,73541657,3,1
5,HAVILA COMMANDER,307948441,TOTAL,80012068,ELGIN,66057637,3,1
6,CALEDONIAN VIGILANCE,-520127344,BP,2126,MONAN,73541657,2,0
7,HAVILA AURORA,733882495,TOTAL,80012068,ELGIN,66057637,3,1
8,BOURBON MONSOON,-376771394,BP,2126,MARNOCK-SKUA (cond),-1044193739,3,1
9,HAVILA COMMANDER,307948441,TOTAL,80012068,ELGIN,66057637,3,1
10,HIGHLAND GUARDIAN,-724772412,SHELL,78865936,GANNET A,-949074902,2,1
11,OLYMPIC ORION,683276894,BP,2126,MONAN,73541657,1,1
12,SKANDI CAPTAIN,-537194322,CENTRICA,-69415299,CHESTNUT,-1960392468,3,0
13,ISLAND CHALLENGER,-1182779558,BP,2126,MARNOCK-SKUA (cond),-1044193739,3,1
14,ISLAND CHALLENGER,-1182779558,BP,2126,MONAN,73541657,3,1
15,NAO FIGHTER,422087033,CONOCOPHILLIPS,-1970780364,ENOCHDHU,-1468536634,1,1
16,BOURBON MONSOON,-376771394,BP,2126,MARNOCK-SKUA (cond),-1044193739,3,1
17,BOURBON MONSOON,-376771394,BP,2126,MONAN,73541657,3,1
18,HAVILA AURORA,733882495,TOTAL,80012068,ELGIN,66057637,3,1
19,E.R.GEORGINA,1421937723,CONOCOPHILLIPS,-1970780364,ENOCHDHU,-1468536634,1,1
20,ISLAND CHALLENGER,-1182779558,BP,2126,MIRREN,-2020581755,2,1
21,ISLAND CHALLENGER,-1182779558,BP,2126,MONAN,73541657,2,1
22,SKANDI BARRA,954942860,TOTAL,80012068,ELGIN,66057637,2,1
23,EDDA FERD,205022069,SHELL,78865936,GANNET A,-949074902,3,1
24,KL BARENTSFJORD,-987916959,APACHE,1936779598,BRIMMOND,985634380,1,1
25,NAO FIGHTER,422087033,CONOCOPHILLIPS,-1970780364,ENOCHDHU,-1468536634,1,1
26,NAO PROTECTOR,-1650802002,BG,2117,EVEREST,-658413688,2,1
27,NAO PROTECTOR,-1650802002,BG,2117,SEYMOUR,-1586628474,2,1
28,HAVILA COMMANDER,307948441,TOTAL,80012068,ELGIN,66057637,3,1
29,HAVILA AURORA,733882495,TOTAL,80012068,ELGIN,66057637,3,1
30,GRAMPIAN TALISKER,-368127310,BP,2126,MIRREN,-2020581755,2,1
31,GRAMPIAN TALISKER,-368127310,BP,2126,MONAN,73541657,2,1
32,BOURBON MONSOON,-376771394,BP,2126,MARNOCK-SKUA (cond),-1044193739,2,1
33,CALEDONIAN VIGILANCE,-520127344,BP,2126,MONAN,73541657,4,0
34,ISLAND CHALLENGER,-1182779558,BP,2126,MONAN,73541657,1,1
35,E.R.GEORGINA,1421937723,CONOCOPHILLIPS,-1970780364,ENOCHDHU,-1468536634,1,1
36,HIGHLAND GUARDIAN,-724772412,SHELL,78865936,GANNET A,-949074902,2,1
37,SKANDI BARRA,954942860,TOTAL,80012068,ELGIN,66057637,1,1
38,SKANDI FOULA,959056715,ENTERPRISE,-317644959,NELSON,-1995824163,5,0
39,SKANDI FOULA,959056715,TOTAL,80012068,ELGIN,66057637,5,0
40,HAVILA COMMANDER,307948441,TOTAL,80012068,ELGIN,66057637,3,1
41,BOURBON MONSOON,-376771394,BP,2126,MARNOCK-SKUA (cond),-1044193739,2,1
42,ISLAND CHALLENGER,-1182779558,BP,2126,MARNOCK-SKUA (cond),-1044193739,3,1
43,ISLAND CHALLENGER,-1182779558,BP,2126,MONAN,73541657,3,1
44,VOS PACE,-935599687,ANASURIA,-235474412,TEAL SOUTH,1851976425,2,1
45,VOS PACE,-935599687,ANASURIA,-235474412,TEAL,2570844,2,1
46,HAVILA AURORA,733882495,TOTAL,80012068,ELGIN,66057637,3,1
47,HIGHLAND GUARDIAN,-724772412,SHELL,78865936,GANNET A,-949074902,3,1
48,HIGHLAND GUARDIAN,-724772412,BG,2117,SEYMOUR,-1586628474,3,0
49,ISLAND CHALLENGER,-1182779558,BP,2126,MARNOCK-SKUA (cond),-1044193739,2,1
50,SKANDI CAPTAIN,-537194322,CENTRICA,-69415299,CHESTNUT,-1960392468,3,0
51,SKANDI RONA,-1354178746,TOTAL,80012068,ELGIN,66057637,2,1
52,SKANDI FOULA,959056715,BG,2117,EVEREST,-658413688,1,1
53,NORMAND_IVAN,445143902,BG,2117,EVEREST,-658413688,1,1
54,SKANDI BARRA,954942860,TOTAL,80012068,ELGIN,66057637,3,1
55,HAVILA COMMANDER,307948441,TOTAL,80012068,ELGIN,66057637,3,1
56,BOURBON MONSOON,-376771394,BP,2126,MARNOCK-SKUA (cond),-1044193739,3,1
57,BOURBON MONSOON,-376771394,REPSOL,-1881188397,BRECHIN,859081663,3,0
58,TROMS LYRA,759851013,SHELL,78865936,GANNET F,-949074897,1,1
59,HAVILA AURORA,733882495,TOTAL,80012068,ELGIN,66057637,3,1
60,ISLAND CHAMPION,-348787180,TOTAL,80012068,ELGIN,66057637,2,1
61,MAERSK LASER,-594219228,BG,2117,EVEREST,-658413688,1,1
62,EDDA FRIGG,2061095641,ENTERPRISE,-317644959,NELSON,-1995824163,5,0
63,EDDA FRIGG,2061095641,TOTAL,80012068,ELGIN,66057637,5,1
64,BOURBON BORGSTEIN,317407486,BP,2126,MIRREN,-2020581755,3,1
65,BOURBON BORGSTEIN,317407486,BP,2126,MONAN,73541657,3,1
66,AH  VALLETTA,-1069329746,BP,2126,MIRREN,-2020581755,3,1
67,AH  VALLETTA,-1069329746,BP,2126,MONAN,73541657,3,1
68,BOURBON MONSOON,-376771394,BP,2126,MARNOCK-SKUA (cond),-1044193739,3,1
69,SKANDI BARRA,954942860,TOTAL,80012068,ELGIN,66057637,3,1
70,E.R.GEORGINA,1421937723,BG,2117,FLEMING,-57346796,3,1
71,E.R.GEORGINA,1421937723,SHELL,78865936,GANNET A,-949074902,3,0
72,HAVILA AURORA,733882495,TOTAL,80012068,ELGIN,66057637,3,1
73,SAYAN PRINCESS,621326161,ENTERPRISE,-317644959,NELSON,-1995824163,1,1
74,OCEAN TROLL,-1846450929,SHELL,78865936,GANNET C,-949074900,8,1
75,OCEAN TROLL,-1846450929,TOTAL,80012068,ELGIN,66057637,8,0
76,OCEAN TROLL,-1846450929,NEXEN,74177002,GOLDEN EAGLE,1429227533,8,0
77,HAVILA COMMANDER,307948441,TOTAL,80012068,ELGIN,66057637,3,1
78,BOURBON MONSOON,-376771394,BP,2126,MARNOCK-SKUA (cond),-1044193739,4,1
79,BOURBON MONSOON,-376771394,BP,2126,MONAN,73541657,4,1
80,SKANDI RONA,-1354178746,TOTAL,80012068,ELGIN,66057637,2,1
81,ISLAND CHALLENGER,-1182779558,BP,2126,MARNOCK-SKUA (cond),-1044193739,3,1
82,HAVILA AURORA,733882495,TOTAL,80012068,ELGIN,66057637,3,1
83,BOURBON MONSOON,-376771394,BP,2126,MARNOCK-SKUA (cond),-1044193739,4,1
84,BOURBON MONSOON,-376771394,REPSOL,-1881188397,BRECHIN,859081663,4,0
85,SKANDI BARRA,954942860,TOTAL,80012068,ELGIN,66057637,3,1
86,SKANDI OLYMPIA,1845953473,REPSOL,-1881188397,BUCHAN,1970090533,3,1
87,SKANDI FOULA,959056715,TOTAL,80012068,ELGIN,66057637,2,1
88,SKANDI RONA,-1354178746,TOTAL,80012068,ELGIN,66057637,2,1
89,HAVILA COMMANDER,307948441,BP,2126,MADOES,-2028389875,4,1
90,HAVILA COMMANDER,307948441,TOTAL,80012068,ELGIN,66057637,4,0
91,NORMAND AURORA,-2021043547,TOTAL,80012068,ELGIN,66057637,3,1
92,CALEDONIAN VIGILANCE,-520127344,BP,2126,MARNOCK-SKUA (cond),-1044193739,3,1
93,FAR SCOTSMAN,-1030670139,TOTAL,80012068,ELGIN,66057637,3,1
94,E.R.GEORGINA,1421937723,SHELL,78865936,GANNET A,-949074902,3,1
95,E.R.GEORGINA,1421937723,BG,2117,EVEREST,-658413688,3,0
96,E.R.GEORGINA,1421937723,BG,2117,SEYMOUR,-1586628474,3,0
97,BOURBON MONSOON,-376771394,BP,2126,MARNOCK-SKUA (cond),-1044193739,2,1
98,SKANDI BARRA,954942860,TOTAL,80012068,ELGIN,66057637,2,1
99,HIGHLAND GUARDIAN,-724772412,TOTAL,80012068,ELGIN,66057637,1,1
100,EDDA FERD,205022069,SHELL,78865936,GANNET A,-949074902,5,0
101,EDDA FERD,205022069,ENTERPRISE,-317644959,NELSON,-1995824163,5,0
102,EDDA FERD,205022069,BG,2117,EVEREST,-658413688,5,0
103,EDDA FERD,205022069,BG,2117,SEYMOUR,-1586628474,5,0
104,HAVILA AURORA,733882495,TOTAL,80012068,ELGIN,66057637,3,1
105,VOS SENTINEL,-1098261302,REPSOL,-1881188397,BUCHAN,1970090533,1,1
106,EDT HERCULES,1500509854,ENQUEST,-876275271,SCOLTY,-1854442638,4,0
107,EDT HERCULES,1500509854,ENQUEST,-876275271,KITTIWAKE,-28175409,4,0
108,EDT HERCULES,1500509854,ENQUEST,-876275271,CRATHES,1743397588,4,0
109,BOURBON MONSOON,-376771394,BP,2126,MARNOCK-SKUA (cond),-1044193739,3,1
110,HAVILA COMMANDER,307948441,TOTAL,80012068,ELGIN,66057637,3,1
111,SAYAN PRINCESS,621326161,CENTRICA,-69415299,CHESTNUT,-1960392468,1,1
112,HAVILA AURORA,733882495,TOTAL,80012068,ELGIN,66057637,2,1
113,HIGHLAND_VALOUR,895398525,SHELL,78865936,SCOTER (oil),-1442538815,3,0
114,SKANDI FOULA,959056715,TOTAL,80012068,ELGIN,66057637,2,0
115,DEMAREST TIDE,1923216461,PREMIER,399530060,HUNTINGTON,1921401732,3,1
116,EDDA FERD,205022069,ENTERPRISE,-317644959,NELSON,-1995824163,3,1
117,BOURBON MONSOON,-376771394,BP,2126,MARNOCK-SKUA (cond),-1044193739,2,1
118,SKANDI BARRA,954942860,TOTAL,80012068,ELGIN,66057637,2,1
119,SKANDI FOULA,959056715,BG,2117,FLEMING,-57346796,3,1
120,SKANDI FOULA,959056715,BG,2117,EVEREST,-658413688,3,1
121,SKANDI FOULA,959056715,BG,2117,SEYMOUR,-1586628474,3,1
122,ISLAND CHALLENGER,-1182779558,BP,2126,MARNOCK-SKUA (cond),-1044193739,2,1
123,EDDA FERD,205022069,ENTERPRISE,-317644959,NELSON,-1995824163,1,1
124,NORMAND AURORA,-2021043547,TOTAL,80012068,ELGIN,66057637,1,1
125,HAVILA COMMANDER,307948441,TOTAL,80012068,ELGIN,66057637,3,1
126,SKANDI OLYMPIA,1845953473,REPSOL,-1881188397,TWEEDSMUIR,1171872259,13,1
127,SKANDI OLYMPIA,1845953473,REPSOL,-1881188397,CARNOUSTIE,-2071798339,13,1
128,HAVILA COMMANDER,307948441,TOTAL,80012068,ELGIN,66057637,1,1
129,SKANDI BARRA,954942860,TOTAL,80012068,ELGIN,66057637,1,1
130,ISLAND CHALLENGER,-1182779558,BP,2126,MARNOCK-SKUA (cond),-1044193739,1,1
131,OCEAN TROLL,-1846450929,SHELL,78865936,GANNET E,-949074898,9,1
132,OCEAN TROLL,-1846450929,SHELL,78865936,GANNET C,-949074900,9,1
133,OCEAN TROLL,-1846450929,SHELL,78865936,GANNET A,-949074902,9,1
134,OCEAN TROLL,-1846450929,TOTAL,80012068,ELGIN,66057637,9,0
135,EDDA FERD,205022069,SHELL,78865936,GANNET A,-949074902,4,1
136,EDDA FERD,205022069,ENTERPRISE,-317644959,NELSON,-1995824163,4,0
137,EDDA FERD,205022069,BG,2117,EVEREST,-658413688,4,0
138,EDDA FERD,205022069,BG,2117,SEYMOUR,-1586628474,4,0
139,EDDA FRENDE,-530657030,NEXEN,74177002,GOLDEN EAGLE,1429227533,1,1
140,VOS PACE,-935599687,ANASURIA,-235474412,TEAL SOUTH,1851976425,1,1
141,NAO FIGHTER,422087033,TOTAL,80012068,ELGIN,66057637,2,1
142,CALEDONIAN VIGILANCE,-520127344,BP,2126,MARNOCK-SKUA (cond),-1044193739,1,1
143,HAVILA COMMANDER,307948441,TOTAL,80012068,ELGIN,66057637,2,1
144,DEMAREST TIDE,1923216461,CENTRICA,-69415299,CHESTNUT,-1960392468,4,1
145,HAVILA AURORA,733882495,TOTAL,80012068,ELGIN,66057637,1,1
146,OLYMPIC ZEUS,437998768,SHELL,78865936,MERGANSER,115750726,3,1
147,OLYMPIC ZEUS,437998768,SHELL,78865936,HERON,68630420,3,1
148,SKANDI BARRA,954942860,TOTAL,80012068,ELGIN,66057637,1,1
149,NORMAND AURORA,-2021043547,TOTAL,80012068,ELGIN,66057637,1,1
150,HAVILA AURORA,733882495,TOTAL,80012068,ELGIN,66057637,1,1
151,HAVILA COMMANDER,307948441,TOTAL,80012068,ELGIN,66057637,2,1
152,VOS PACE,-935599687,ANASURIA,-235474412,TEAL SOUTH,1851976425,1,1
153,EDDA FRAM,205034044,ENTERPRISE,-317644959,NELSON,-1995824163,4,1
154,EDDA FRAM,205034044,BG,2117,EVEREST,-658413688,4,0
155,EDDA FRAM,205034044,BG,2117,SEYMOUR,-1586628474,4,0
156,E.R.GEORGINA,1421937723,SHELL,78865936,MERGANSER,115750726,1,1
157,EDDA FRAM,205034044,SHELL,78865936,GANNET A,-949074902,1,1
158,CALEDONIAN VIGILANCE,-520127344,BP,2126,MARNOCK-SKUA (cond),-1044193739,2,1
159,SKANDI BARRA,954942860,TOTAL,80012068,ELGIN,66057637,1,1
160,VOS SENTINEL,-1098261302,REPSOL,-1881188397,TWEEDSMUIR SOUTH,-1980599984,2,1
161,VOS SENTINEL,-1098261302,REPSOL,-1881188397,BUCHAN,1970090533,2,1
162,SAYAN PRINCESS,621326161,CENTRICA,-69415299,CHESTNUT,-1960392468,1,1
163,EDDA FRENDE,-530657030,TOTAL,80012068,ELGIN,66057637,4,1
164,HAVILA AURORA,733882495,TOTAL,80012068,ELGIN,66057637,2,1
165,NORMAND AURORA,-2021043547,TOTAL,80012068,ELGIN,66057637,3,1
166,HIGHLAND GUARDIAN,-724772412,SHELL,78865936,GANNET F,-949074897,1,1
167,SKANDI FOULA,959056715,SHELL,78865936,GANNET F,-949074897,1,1
168,VOS PACE,-935599687,ANASURIA,-235474412,TEAL SOUTH,1851976425,2,1
169,E.R.GEORGINA,1421937723,SHELL,78865936,MERGANSER,115750726,2,1
170,E.R.GEORGINA,1421937723,SHELL,78865936,HERON,68630420,2,1
171,EDDA FRAM,205034044,SHELL,78865936,GANNET A,-949074902,5,1
172,EDDA FRAM,205034044,ENTERPRISE,-317644959,NELSON,-1995824163,5,0
173,EDDA FRAM,205034044,BG,2117,HAWKINS,1419303713,5,0
174,EDDA FRAM,205034044,BG,2117,EVEREST,-658413688,5,0
175,EDDA FRAM,205034044,BG,2117,SEYMOUR,-1586628474,5,0
176,HAVILA BORG,2052182049,ENQUEST,-876275271,KITTIWAKE,-28175409,1,1
177,PACIFIC LEGEND,53845412,TOTAL,80012068,ELGIN,66057637,3,1
178,CALEDONIAN VIGILANCE,-520127344,BP,2126,MARNOCK-SKUA (cond),-1044193739,3,1
179,HAVILA COMMANDER,307948441,TOTAL,80012068,ELGIN,66057637,2,1
180,SKANDI BARRA,954942860,TOTAL,80012068,ELGIN,66057637,1,1
181,NORMAND AURORA,-2021043547,TOTAL,80012068,ELGIN,66057637,1,1
182,DEMAREST TIDE,1923216461,PREMIER,399530060,HUNTINGTON,1921401732,2,1
183,PACIFIC LEGEND,53845412,ENTERPRISE,-317644959,NELSON,-1995824163,1,1
184,HIGHLAND GUARDIAN,-724772412,BG,2117,EVEREST,-658413688,2,1
185,HIGHLAND GUARDIAN,-724772412,BG,2117,SEYMOUR,-1586628474,2,1
186,E.R.GEORGINA,1421937723,SHELL,78865936,MERGANSER,115750726,1,1
187,BOURBON MONSOON,-376771394,BP,2126,MARNOCK-SKUA (cond),-1044193739,4,1
188,SKANDI BARRA,954942860,TOTAL,80012068,ELGIN,66057637,1,1
189,E.R.GEORGINA,1421937723,SHELL,78865936,MERGANSER,115750726,1,1
190,OLYMPIC BIBBY,670995883,ENQUEST,-876275271,GOOSANDER,299801432,15,0
191,OLYMPIC BIBBY,670995883,ENQUEST,-876275271,GROUSE,2110836259,15,0
192,OLYMPIC BIBBY,670995883,BP,2126,MARNOCK-SKUA (cond),-1044193739,15,0
193,OLYMPIC BIBBY,670995883,ENQUEST,-876275271,GADWALL,514602868,15,0
194,OLYMPIC BIBBY,670995883,ENQUEST,-876275271,KITTIWAKE,-28175409,15,0
195,OCEAN TROLL,-1846450929,NEXEN,74177002,BUZZARD,965041792,9,0
196,OCEAN TROLL,-1846450929,TOTAL,80012068,ELGIN,66057637,9,0
197,OCEAN TROLL,-1846450929,NEXEN,74177002,GOLDEN EAGLE,1429227533,9,0
198,SKANDI FOULA,959056715,ENTERPRISE,-317644959,NELSON,-1995824163,1,1
199,EDDA FRAM,205034044,BG,2117,FLEMING,-57346796,3,1
200,EDDA FRAM,205034044,BG,2117,HAWKINS,1419303713,3,1
201,EDDA FRAM,205034044,BG,2117,SEYMOUR,-1586628474,3,1
202,SKANDI BARRA,954942860,TOTAL,80012068,ELGIN,66057637,1,1
203,NAO FIGHTER,422087033,ENTERPRISE,-317644959,NELSON,-1995824163,1,1
204,SKANDI FOULA,959056715,BG,2117,EVEREST,-658413688,1,1
205,DEMAREST TIDE,1923216461,SHELL,78865936,MERGANSER,115750726,5,1
206,DEMAREST TIDE,1923216461,SHELL,78865936,HERON,68630420,5,1
207,DEMAREST TIDE,1923216461,SHELL,78865936,SCOTER (oil),-1442538815,5,1
208,DEMAREST TIDE,1923216461,BP,2126,MIRREN,-2020581755,5,0
209,DEMAREST TIDE,1923216461,BP,2126,MARNOCK-SKUA (cond),-1044193739,5,0
210,CALEDONIAN VIGILANCE,-520127344,CENTRICA,-69415299,CHESTNUT,-1960392468,2,1
211,HAVILA COMMANDER,307948441,TOTAL,80012068,ELGIN,66057637,2,1
212,SKANDI RONA,-1354178746,ENTERPRISE,-317644959,HOWE,2223637,4,1
213,SKANDI RONA,-1354178746,ENTERPRISE,-317644959,NELSON,-1995824163,4,1
214,SKANDI RONA,-1354178746,BG,2117,EVEREST,-658413688,4,0
215,SKANDI FOULA,959056715,BG,2117,HAWKINS,1419303713,2,1
216,SKANDI FOULA,959056715,BG,2117,EVEREST,-658413688,2,1
217,HIGHLAND GUARDIAN,-724772412,BG,2117,SEYMOUR,-1586628474,1,1
218,VOS PARADISE,-1189956067,ANASURIA,-235474412,TEAL SOUTH,1851976425,1,1
219,HAVILA AURORA,733882495,TOTAL,80012068,ELGIN,66057637,1,1
220,BOURBON MONSOON,-376771394,BP,2126,MARNOCK-SKUA (oil),-1834447383,3,1
221,DEMAREST TIDE,1923216461,SHELL,78865936,MERGANSER,115750726,1,1
222,SKANDI BARRA,954942860,TOTAL,80012068,ELGIN,66057637,1,1
223,OLYMPIC BIBBY,670995883,CENTRICA,-69415299,CHESTNUT,-1960392468,4,1
224,NORMAND AURORA,-2021043547,TOTAL,80012068,ELGIN,66057637,4,1
225,SEA TANTALUS,1033933901,NEXEN,74177002,BUZZARD,965041792,2,1
226,SEA TANTALUS,1033933901,NEXEN,74177002,GOLDEN EAGLE,1429227533,2,1
227,VOS SENTINEL,-1098261302,REPSOL,-1881188397,BUCHAN,1970090533,1,1
228,DEMAREST TIDE,1923216461,SHELL,78865936,MERGANSER,115750726,2,1
229,DEMAREST TIDE,1923216461,BP,2126,MIRREN,-2020581755,2,0
230,BOURBON MONSOON,-376771394,BP,2126,MARNOCK-SKUA (cond),-1044193739,3,1
231,E.R.GEORGINA,1421937723,SHELL,78865936,MERGANSER,115750726,2,1
232,E.R.GEORGINA,1421937723,SHELL,78865936,HERON,68630420,2,1
233,DEMAREST TIDE,1923216461,SHELL,78865936,MERGANSER,115750726,1,1
234,EDDA FRAM,205034044,BG,2117,FLEMING,-57346796,4,1
235,EDDA FRAM,205034044,BG,2117,HAWKINS,1419303713,4,1
236,EDDA FRAM,205034044,BG,2117,EVEREST,-658413688,4,1
237,EDDA FRAM,205034044,BG,2117,SEYMOUR,-1586628474,4,1
238,BOURBON MONSOON,-376771394,REPSOL,-1881188397,BRECHIN,859081663,3,0
239,NORMAND AURORA,-2021043547,TOTAL,80012068,ELGIN,66057637,1,1
240,DEMAREST TIDE,1923216461,SHELL,78865936,MERGANSER,115750726,1,1
241,BOURBON MONSOON,-376771394,BP,2126,MARNOCK-SKUA (cond),-1044193739,1,1
242,NAO STORM,459707557,SHELL,78865936,GANNET A,-949074902,3,1
243,NAO STORM,459707557,BG,2117,EVEREST,-658413688,3,0
244,NAO STORM,459707557,BG,2117,SEYMOUR,-1586628474,3,0
245,MAERSK LASER,-594219228,NEXEN,74177002,GOLDEN EAGLE,1429227533,2,0
246,OCEAN TROLL,-1846450929,SHELL,78865936,GANNET E,-949074898,9,1
247,OCEAN TROLL,-1846450929,SHELL,78865936,GANNET A,-949074902,9,1
248,OCEAN TROLL,-1846450929,NEXEN,74177002,BUZZARD,965041792,9,0
249,OCEAN TROLL,-1846450929,ANASURIA,-235474412,TEAL SOUTH,1851976425,9,0
250,OCEAN TROLL,-1846450929,NEXEN,74177002,GOLDEN EAGLE,1429227533,9,0
251,OCEAN TROLL,-1846450929,DANA,2090736,GUILLEMOT WEST,-623234073,9,0
252,OCEAN TROLL,-1846450929,ANASURIA,-235474412,GUILLEMOT A,-1264103159,9,0
253,FS PEGASUS,-601701905,ENQUEST,-876275271,KITTIWAKE,-28175409,1,1
254,NOR SOLAN,1751607150,PREMIER,399530060,HUNTINGTON,1921401732,1,1
255,BOURBON MONSOON,-376771394,BP,2126,MARNOCK-SKUA (cond),-1044193739,4,1
256,EDDA FRAM,205034044,BG,2117,EVEREST,-658413688,1,1
257,HIGHLAND GUARDIAN,-724772412,BG,2117,SEYMOUR,-1586628474,1,1
258,VOS PACE,-935599687,ANASURIA,-235474412,TEAL SOUTH,1851976425,1,1
259,SKANDI BARRA,954942860,TOTAL,80012068,ELGIN,66057637,1,1
260,VOS SENTINEL,-1098261302,REPSOL,-1881188397,BUCHAN,1970090533,1,1
261,E.R.GEORGINA,1421937723,SHELL,78865936,MERGANSER,115750726,1,1
262,HAVILA COMMANDER,307948441,TOTAL,80012068,ELGIN,66057637,1,1
263,BOURBON MONSOON,-376771394,BP,2126,MIRREN,-2020581755,5,1
264,BOURBON MONSOON,-376771394,REPSOL,-1881188397,CAYLEY,1980908645,5,0
265,BOURBON MONSOON,-376771394,BP,2126,MARNOCK-SKUA (cond),-1044193739,5,1
266,BEN NEVIS,-1836930316,CENTRICA,-69415299,CHESTNUT,-1960392468,3,1
267,EDDA FRAM,205034044,BG,2117,HAWKINS,1419303713,3,1
268,EDDA FRAM,205034044,BG,2117,EVEREST,-658413688,3,1
269,EDDA FRAM,205034044,BG,2117,SEYMOUR,-1586628474,3,1
270,OLYMPIC BIBBY,670995883,APACHE,1936779598,MAULE,73131642,10,0
271,NORMAND_IVAN,445143902,BG,2117,EVEREST,-658413688,1,1
272,SKANDI SOTRA,971061713,BG,2117,SEYMOUR,-1586628474,1,1
273,NS IONA,-1381131564,BP,2126,MARNOCK-SKUA (cond),-1044193739,2,1
274,HAVILA AURORA,733882495,TOTAL,80012068,ELGIN,66057637,1,1
275,HAVILA COMMANDER,307948441,TOTAL,80012068,ELGIN,66057637,1,1
276,PACIFIC LEGEND,53845412,SHELL,78865936,MERGANSER,115750726,2,1
277,PACIFIC LEGEND,53845412,SHELL,78865936,HERON,68630420,2,1
278,EDDA FRAM,205034044,SHELL,78865936,GANNET A,-949074902,1,1
279,SKANDI BARRA,954942860,TOTAL,80012068,ELGIN,66057637,1,1
280,NS IONA,-1381131564,BP,2126,MARNOCK-SKUA (cond),-1044193739,3,1
281,VOS PACE,-935599687,ANASURIA,-235474412,TEAL SOUTH,1851976425,2,0
282,HIGHLAND GUARDIAN,-724772412,ENTERPRISE,-317644959,NELSON,-1995824163,3,1
283,HIGHLAND GUARDIAN,-724772412,BG,2117,EVEREST,-658413688,3,0
284,HIGHLAND GUARDIAN,-724772412,BG,2117,HAWKINS,1419303713,3,0
285,EDDA FRAM,205034044,BG,2117,EVEREST,-658413688,1,1
286,E.R.GEORGINA,1421937723,SHELL,78865936,MERGANSER,115750726,3,1
287,E.R.GEORGINA,1421937723,SHELL,78865936,EGRET,65919135,3,1
288,E.R.GEORGINA,1421937723,SHELL,78865936,HERON,68630420,3,1
289,HAVILA COMMANDER,307948441,TOTAL,80012068,ELGIN,66057637,1,1
290,SEA TANTALUS,1033933901,CENTRICA,-69415299,CHESTNUT,-1960392468,1,1
291,HAVILA BORG,2052182049,ENQUEST,-876275271,KITTIWAKE,-28175409,1,1
292,NAO GUARDIAN,-455264203,APACHE,1936779598,MAULE,73131642,3,1
293,HIGHLAND GUARDIAN,-724772412,SHELL,78865936,GANNET A,-949074902,1,1
294,OLYMPIC ORION,683276894,CONOCOPHILLIPS,-1970780364,BRODGAR,868345459,2,1
295,E.R.GEORGINA,1421937723,SHELL,78865936,MERGANSER,115750726,1,1
296,SKANDI BARRA,954942860,TOTAL,80012068,ELGIN,66057637,1,1
297,SKANDI FOULA,959056715,SHELL,78865936,GANNET A,-949074902,2,1
298,SKANDI FOULA,959056715,ENTERPRISE,-317644959,NELSON,-1995824163,2,0
299,SKANDI BARRA,954942860,TOTAL,80012068,ELGIN,66057637,1,1
300,EDDA FRAM,205034044,BG,2117,EVEREST,-658413688,2,1
301,NS IONA,-1381131564,BP,2126,MARNOCK-SKUA (cond),-1044193739,2,1
302,VOS PACE,-935599687,ANASURIA,-235474412,TEAL SOUTH,1851976425,2,1
303,MAERSK LASER,-594219228,BG,2117,EVEREST,-658413688,1,1
304,NORMAND AURORA,-2021043547,TOTAL,80012068,ELGIN,66057637,1,1
305,HAVILA COMMANDER,307948441,TOTAL,80012068,ELGIN,66057637,1,1
306,VOS PARTNER,1901852482,APACHE,1936779598,MAULE,73131642,7,0
307,VOS PARTNER,1901852482,APACHE,1936779598,FORTIES,40754700,7,0
308,VOS PARTNER,1901852482,APACHE,1936779598,BRIMMOND,985634380,7,0
309,VESTLAND MIRA,-1715940720,ENQUEST,-876275271,KITTIWAKE,-28175409,3,1
310,OLYMPUS,-641270883,TOTAL,80012068,ELGIN,66057637,1,1
311,E.R.GEORGINA,1421937723,SHELL,78865936,MERGANSER,115750726,2,1
312,E.R.GEORGINA,1421937723,SHELL,78865936,HERON,68630420,2,1
313,SKANDI FOULA,959056715,SHELL,78865936,GANNET A,-949074902,3,1
314,SKANDI FOULA,959056715,ENTERPRISE,-317644959,NELSON,-1995824163,3,0
315,SKANDI FOULA,959056715,BG,2117,EVEREST,-658413688,3,0
316,OCEAN TROLL,-1846450929,BP,2126,MADOES,-2028389875,3,1
317,OCEAN TROLL,-1846450929,NEXEN,74177002,BUZZARD,965041792,3,0
318,VOS PACE,-935599687,ANASURIA,-235474412,TEAL SOUTH,1851976425,2,1
319,HAVILA COMMANDER,307948441,TOTAL,80012068,ELGIN,66057637,1,1
320,BEN NEVIS,-1836930316,CENTRICA,-69415299,CHESTNUT,-1960392468,1,1
321,SKANDI FOULA,959056715,ENTERPRISE,-317644959,NELSON,-1995824163,2,1
322,SKANDI FOULA,959056715,BG,2117,EVEREST,-658413688,2,0
323,CALEDONIAN VIGILANCE,-520127344,BP,2126,MIRREN,-2020581755,5,1
324,CALEDONIAN VIGILANCE,-520127344,BP,2126,MARNOCK-SKUA (cond),-1044193739,5,1
325,CALEDONIAN VIGILANCE,-520127344,REPSOL,-1881188397,BRECHIN,859081663,5,0
326,NORTH PROMISE,-1394967360,SHELL,78865936,GANNET A,-949074902,4,1
327,NORTH PROMISE,-1394967360,ENTERPRISE,-317644959,NELSON,-1995824163,4,0
328,NORTH PROMISE,-1394967360,BG,2117,EVEREST,-658413688,4,0
329,VOS PACE,-935599687,ANASURIA,-235474412,TEAL SOUTH,1851976425,2,0
330,TROMS LYRA,759851013,PREMIER,399530060,HUNTINGTON,1921401732,3,1
331,HIGHLAND GUARDIAN,-724772412,SHELL,78865936,GANNET A,-949074902,3,1
332,HIGHLAND GUARDIAN,-724772412,ENTERPRISE,-317644959,NELSON,-1995824163,3,0
333,HIGHLAND GUARDIAN,-724772412,BG,2117,SEYMOUR,-1586628474,3,0
334,SKANDI FOULA,959056715,BG,2117,EVEREST,-658413688,1,1
335,SKANDI BARRA,954942860,TOTAL,80012068,ELGIN,66057637,1,1
336,EDDA FRAM,205034044,TOTAL,80012068,ELGIN,66057637,2,1
337,FS PEGASUS,-601701905,CENTRICA,-69415299,CHESTNUT,-1960392468,1,1
338,GRAMPIAN TALISKER,-368127310,BP,2126,MARNOCK-SKUA (cond),-1044193739,3,1
339,E.R.GEORGINA,1421937723,SHELL,78865936,MERGANSER,115750726,1,1
340,PACIFIC LEGEND,53845412,SHELL,78865936,MERGANSER,115750726,5,1
341,PACIFIC LEGEND,53845412,SHELL,78865936,EGRET,65919135,5,1
342,PACIFIC LEGEND,53845412,SHELL,78865936,HERON,68630420,5,1
343,PACIFIC LEGEND,53845412,BP,2126,MIRREN,-2020581755,5,0
344,PACIFIC LEGEND,53845412,SHELL,78865936,SCOTER (oil),-1442538815,5,1
345,HAVILA COMMANDER,307948441,TOTAL,80012068,ELGIN,66057637,1,1
346,VOS PACE,-935599687,ANASURIA,-235474412,TEAL SOUTH,1851976425,1,1
347,HIGHLAND GUARDIAN,-724772412,ENTERPRISE,-317644959,NELSON,-1995824163,3,1
348,HIGHLAND GUARDIAN,-724772412,BG,2117,EVEREST,-658413688,3,0
349,HIGHLAND GUARDIAN,-724772412,BG,2117,SEYMOUR,-1586628474,3,0
350,NORMAND AURORA,-2021043547,TOTAL,80012068,ELGIN,66057637,1,1
351,FS PEGASUS,-601701905,CENTRICA,-69415299,CHESTNUT,-1960392468,1,1
352,HAVILA BORG,2052182049,TOTAL,80012068,ELGIN,66057637,1,1
353,SKANDI BARRA,954942860,TOTAL,80012068,ELGIN,66057637,1,1
354,HAVILA COMMANDER,307948441,TOTAL,80012068,ELGIN,66057637,1,1
355,VOS SENTINEL,-1098261302,REPSOL,-1881188397,BUCHAN,1970090533,1,1
356,GRAMPIAN TALISKER,-368127310,BP,2126,MARNOCK-SKUA (cond),-1044193739,2,1
357,GRAMPIAN TALISKER,-368127310,REPSOL,-1881188397,BRECHIN,859081663,2,0
358,SAYAN PRINCESS,621326161,ANASURIA,-235474412,TEAL SOUTH,1851976425,1,1
359,HIGHLAND GUARDIAN,-724772412,SHELL,78865936,GANNET A,-949074902,4,1
360,HIGHLAND GUARDIAN,-724772412,ENTERPRISE,-317644959,NELSON,-1995824163,4,0
361,HIGHLAND GUARDIAN,-724772412,BG,2117,EVEREST,-658413688,4,0
362,CALEDONIAN VIGILANCE,-520127344,BP,2126,MARNOCK-SKUA (cond),-1044193739,1,1
363,HAVILA COMMANDER,307948441,TOTAL,80012068,ELGIN,66057637,1,1
364,NAO GUARDIAN,-455264203,ENQUEST,-876275271,KITTIWAKE,-28175409,2,0
365,HAVILA BORG,2052182049,TOTAL,80012068,ELGIN,66057637,2,1
366,NORTH PROMISE,-1394967360,CENTRICA,-69415299,CHESTNUT,-1960392468,1,1
367,EDDA FRAM,205034044,SHELL,78865936,GANNET A,-949074902,2,1
368,PACIFIC LEGEND,53845412,SHELL,78865936,MERGANSER,115750726,5,1
369,PACIFIC LEGEND,53845412,SHELL,78865936,EGRET,65919135,5,1
370,PACIFIC LEGEND,53845412,SHELL,78865936,HERON,68630420,5,1
371,PACIFIC LEGEND,53845412,BP,2126,MIRREN,-2020581755,5,0
372,PACIFIC LEGEND,53845412,SHELL,78865936,SCOTER (oil),-1442538815,5,1
373,E.R.GEORGINA,1421937723,SHELL,78865936,MERGANSER,115750726,1,1
374,SAYAN PRINCESS,621326161,PREMIER,399530060,HUNTINGTON,1921401732,3,1
375,CALEDONIAN VIGILANCE,-520127344,BP,2126,MARNOCK-SKUA (cond),-1044193739,3,1
376,SKANDI BARRA,954942860,TOTAL,80012068,ELGIN,66057637,1,1
377,HIGHLAND GUARDIAN,-724772412,SHELL,78865936,GANNET A,-949074902,4,1
378,HIGHLAND GUARDIAN,-724772412,ENTERPRISE,-317644959,NELSON,-1995824163,4,0
379,HIGHLAND GUARDIAN,-724772412,BG,2117,EVEREST,-658413688,4,0
380,HIGHLAND GUARDIAN,-724772412,BG,2117,SEYMOUR,-1586628474,4,0
381,VOS PACE,-935599687,ANASURIA,-235474412,TEAL SOUTH,1851976425,2,0
382,HAVILA COMMANDER,307948441,TOTAL,80012068,ELGIN,66057637,1,1
383,HAVILA AURORA,733882495,TOTAL,80012068,ELGIN,66057637,1,1
384,SKANDI FOULA,959056715,SHELL,78865936,GANNET A,-949074902,2,1
385,CALEDONIAN VIGILANCE,-520127344,BP,2126,MARNOCK-SKUA (cond),-1044193739,4,1
386,MAKALU,-2028194573,PREMIER,399530060,HUNTINGTON,1921401732,3,1
387,NAO GUARDIAN,-455264203,ENQUEST,-876275271,KITTIWAKE,-28175409,1,1
388,VOS PARADISE,-1189956067,TOTAL,80012068,ELGIN,66057637,1,1
389,OLYMPUS,-641270883,CENTRICA,-69415299,CHESTNUT,-1960392468,1,1
390,E.R.GEORGINA,1421937723,SHELL,78865936,MERGANSER,115750726,1,1
391,HIGHLAND GUARDIAN,-724772412,ENTERPRISE,-317644959,NELSON,-1995824163,1,1
392,EDDA FERD,205022069,SHELL,78865936,GANNET A,-949074902,1,1
393,PACIFIC LEGEND,53845412,SHELL,78865936,MERGANSER,115750726,1,1
394,GRAMPIAN TALISKER,-368127310,CENTRICA,-69415299,CHESTNUT,-1960392468,2,1
395,GRAMPIAN TALISMAN,-368125516,BP,2126,MARNOCK-SKUA (oil),-1834447383,5,1
396,GRAMPIAN TALISMAN,-368125516,BP,2126,MIRREN,-2020581755,5,1
397,GRAMPIAN TALISMAN,-368125516,BP,2126,MARNOCK-SKUA (cond),-1044193739,5,1
398,GRAMPIAN TALISMAN,-368125516,REPSOL,-1881188397,BRECHIN,859081663,5,0
399,GRAMPIAN TALISMAN,-368125516,BP,2126,MONAN,73541657,5,1
400,HAVILA AURORA,733882495,TOTAL,80012068,ELGIN,66057637,1,1
401,VOS PACE,-935599687,ANASURIA,-235474412,TEAL,2570844,3,1
402,VOS PACE,-935599687,ANASURIA,-235474412,TEAL SOUTH,1851976425,3,1
403,PACIFIC LEGEND,53845412,SHELL,78865936,MERGANSER,115750726,1,1
404,HIGHLAND GUARDIAN,-724772412,SHELL,78865936,GANNET A,-949074902,2,1
405,HIGHLAND GUARDIAN,-724772412,ENTERPRISE,-317644959,NELSON,-1995824163,2,0
406,VOS PARADISE,-1189956067,BG,2117,EVEREST,-658413688,3,1
407,VOS PARADISE,-1189956067,BG,2117,SEYMOUR,-1586628474,3,1
408,CALEDONIAN VIGILANCE,-520127344,BP,2126,MARNOCK-SKUA (cond),-1044193739,3,1
409,SKANDI BARRA,954942860,TOTAL,80012068,ELGIN,66057637,1,1
410,SKANDI CALEDONIA,-529200978,APACHE,1936779598,MAULE,73131642,9,1
411,SKANDI CALEDONIA,-529200978,NEXEN,74177002,BUZZARD,965041792,9,0
412,E.R.GEORGINA,1421937723,SHELL,78865936,MERGANSER,115750726,1,1
413,MAKALU,-2028194573,PREMIER,399530060,HUNTINGTON,1921401732,3,1
414,HIGHLAND GUARDIAN,-724772412,ENQUEST,-876275271,MALLARD,1551718303,4,1
415,HIGHLAND GUARDIAN,-724772412,SHELL,78865936,GANNET A,-949074902,4,0
416,HIGHLAND GUARDIAN,-724772412,ENTERPRISE,-317644959,NELSON,-1995824163,4,0
417,HIGHLAND GUARDIAN,-724772412,BG,2117,EVEREST,-658413688,4,0
418,CALEDONIAN VIGILANCE,-520127344,BP,2126,MARNOCK-SKUA (cond),-1044193739,3,1
419,CALEDONIAN VIGILANCE,-520127344,REPSOL,-1881188397,BRECHIN,859081663,3,0
420,NORTH PROMISE,-1394967360,NEXEN,74177002,BUZZARD,965041792,2,1
421,TROMS LYRA,759851013,CENTRICA,-69415299,CHESTNUT,-1960392468,2,1
422,VOS PACE,-935599687,ANASURIA,-235474412,TEAL,2570844,3,0
423,VOS PACE,-935599687,ANASURIA,-235474412,TEAL SOUTH,1851976425,3,0
424,HAVILA COMMANDER,307948441,TOTAL,80012068,ELGIN,66057637,1,1
425,SKANDI BARRA,954942860,TOTAL,80012068,ELGIN,66057637,1,1
426,SKANDI RONA,-1354178746,SHELL,78865936,GANNET A,-949074902,1,1
427,NORTH PROMISE,-1394967360,SHELL,78865936,GANNET A,-949074902,1,1
428,HIGHLAND GUARDIAN,-724772412,SHELL,78865936,GANNET A,-949074902,3,1
429,HIGHLAND GUARDIAN,-724772412,ENTERPRISE,-317644959,NELSON,-1995824163,3,0
430,HIGHLAND GUARDIAN,-724772412,BG,2117,EVEREST,-658413688,3,0
431,PACIFIC LEGEND,53845412,SHELL,78865936,MERGANSER,115750726,2,1
432,PACIFIC LEGEND,53845412,SHELL,78865936,SCOTER (oil),-1442538815,2,1
433,GRAMPIAN TALISKER,-368127310,CENTRICA,-69415299,CHESTNUT,-1960392468,2,1
434,E.R.GEORGINA,1421937723,SHELL,78865936,MERGANSER,115750726,1,1
435,CALEDONIAN VIGILANCE,-520127344,BP,2126,MARNOCK-SKUA (cond),-1044193739,3,1
436,CALEDONIAN VIGILANCE,-520127344,REPSOL,-1881188397,BRECHIN,859081663,3,0
437,VOS PACE,-935599687,ANASURIA,-235474412,TEAL SOUTH,1851976425,1,1
438,NORTH PROMISE,-1394967360,SHELL,78865936,GANNET A,-949074902,3,1
439,NORTH PROMISE,-1394967360,ENTERPRISE,-317644959,NELSON,-1995824163,3,0
440,NORTH PROMISE,-1394967360,BG,2117,SEYMOUR,-1586628474,3,0
441,SKANDI CALEDONIA,-529200978,APACHE,1936779598,MAULE,73131642,2,1
442,SKANDI CALEDONIA,-529200978,APACHE,1936779598,BRIMMOND,985634380,2,1
443,OCEAN TROLL,-1846450929,SHELL,78865936,GANNET E,-949074898,9,1
444,OCEAN TROLL,-1846450929,SHELL,78865936,GANNET F,-949074897,9,1
445,OCEAN TROLL,-1846450929,SHELL,78865936,GANNET C,-949074900,9,1
446,OCEAN TROLL,-1846450929,NEXEN,74177002,BUZZARD,965041792,9,0
447,OCEAN TROLL,-1846450929,ANASURIA,-235474412,TEAL SOUTH,1851976425,9,0
448,MAKALU,-2028194573,PREMIER,399530060,HUNTINGTON,1921401732,2,1
449,EDDA FERD,205022069,BG,2117,EVEREST,-658413688,4,1
450,CALEDONIAN VIGILANCE,-520127344,BP,2126,MARNOCK-SKUA (cond),-1044193739,2,1
451,SKANDI BARRA,954942860,TOTAL,80012068,ELGIN,66057637,1,1
452,BEN NEVIS,-1836930316,CENTRICA,-69415299,CHESTNUT,-1960392468,1,1
453,SAYAN PRINCESS,621326161,TOTAL,80012068,ELGIN,66057637,1,1
454,PACIFIC LEGEND,53845412,SHELL,78865936,MERGANSER,115750726,1,1
455,VOS PACE,-935599687,ANASURIA,-235474412,TEAL SOUTH,1851976425,1,1
456,FS PEGASUS,-601701905,SHELL,78865936,MERGANSER,115750726,2,1
457,FS PEGASUS,-601701905,SHELL,78865936,HERON,68630420,2,1
458,MAKALU,-2028194573,PREMIER,399530060,HUNTINGTON,1921401732,4,1
459,HAVILA COMMANDER,307948441,TOTAL,80012068,ELGIN,66057637,1,1
460,NAO POWER,456795329,SHELL,78865936,GANNET A,-949074902,5,1
461,NAO POWER,456795329,ENTERPRISE,-317644959,NELSON,-1995824163,5,0
462,NAO POWER,456795329,BG,2117,EVEREST,-658413688,5,0
463,NAO POWER,456795329,TOTAL,80012068,ELGIN,66057637,5,0
464,NAO POWER,456795329,BG,2117,SEYMOUR,-1586628474,5,0
465,CALEDONIAN VIGILANCE,-520127344,BP,2126,MARNOCK-SKUA (cond),-1044193739,5,1
466,CALEDONIAN VIGILANCE,-520127344,REPSOL,-1881188397,BRECHIN,859081663,5,0
467,E.R.GEORGINA,1421937723,SHELL,78865936,MERGANSER,115750726,1,1
468,GRAMPIAN TALISMAN,-368125516,BP,2126,MARNOCK-SKUA (oil),-1834447383,5,1
469,GRAMPIAN TALISMAN,-368125516,BP,2126,MIRREN,-2020581755,5,1
470,GRAMPIAN TALISMAN,-368125516,BP,2126,MARNOCK-SKUA (cond),-1044193739,5,1
471,GRAMPIAN TALISMAN,-368125516,REPSOL,-1881188397,BRECHIN,859081663,5,0
472,GRAMPIAN TALISMAN,-368125516,BP,2126,MONAN,73541657,5,1
473,SAYAN PRINCESS,621326161,TOTAL,80012068,ELGIN,66057637,1,1
474,GRAMPIAN TALISKER,-368127310,CENTRICA,-69415299,CHESTNUT,-1960392468,2,1
475,VOS PACE,-935599687,ANASURIA,-235474412,TEAL SOUTH,1851976425,1,1
476,SKANDI MARSTEIN,831976257,NEXEN,74177002,BUZZARD,965041792,3,1
477,SKANDI MARSTEIN,831976257,NEXEN,74177002,GOLDEN EAGLE,1429227533,3,1
478,VOS SENTINEL,-1098261302,REPSOL,-1881188397,TWEEDSMUIR SOUTH,-1980599984,2,1
479,VOS SENTINEL,-1098261302,REPSOL,-1881188397,BUCHAN,1970090533,2,1
480,E.R. ATHINA,1068242242,SHELL,78865936,MERGANSER,115750726,1,1
481,SKANDI FOULA,959056715,SHELL,78865936,GANNET A,-949074902,4,1
482,SKANDI FOULA,959056715,ENTERPRISE,-317644959,NELSON,-1995824163,4,0
483,SKANDI FOULA,959056715,BG,2117,HAWKINS,1419303713,4,0
484,SKANDI FOULA,959056715,BG,2117,EVEREST,-658413688,4,0
485,HAVILA COMMANDER,307948441,TOTAL,80012068,ELGIN,66057637,1,1
486,SKANDI BARRA,954942860,TOTAL,80012068,ELGIN,66057637,1,1
487,PACIFIC LEADER,53665440,TOTAL,80012068,ELGIN,66057637,1,1
488,EDDA FERD,205022069,TOTAL,80012068,ELGIN,66057637,5,1
489,GRAMPIAN TALISKER,-368127310,BP,2126,MARNOCK-SKUA (oil),-1834447383,3,1
490,GRAMPIAN TALISKER,-368127310,BP,2126,MARNOCK-SKUA (cond),-1044193739,3,1
491,GRAMPIAN TALISKER,-368127310,REPSOL,-1881188397,BRECHIN,859081663,3,0
492,SAYAN PRINCESS,621326161,TOTAL,80012068,ELGIN,66057637,1,1
493,SKANDI FOULA,959056715,SHELL,78865936,GANNET A,-949074902,3,1
494,SKANDI FOULA,959056715,ENTERPRISE,-317644959,NELSON,-1995824163,3,0
495,SKANDI FOULA,959056715,BG,2117,HAWKINS,1419303713,3,0
496,MAKALU,-2028194573,PREMIER,399530060,HUNTINGTON,1921401732,4,1
497,VOS PARADISE,-1189956067,SHELL,78865936,MERGANSER,115750726,2,1
498,VOS PARADISE,-1189956067,SHELL,78865936,HERON,68630420,2,1
499,SKANDI BARRA,954942860,TOTAL,80012068,ELGIN,66057637,1,1
500,SKANDI FOULA,959056715,BG,2117,EVEREST,-658413688,1,1
501,SAYAN PRINCESS,621326161,TOTAL,80012068,ELGIN,66057637,1,1
502,PACIFIC LEADER,53665440,ANASURIA,-235474412,TEAL,2570844,2,1
503,PACIFIC LEADER,53665440,ANASURIA,-235474412,TEAL SOUTH,1851976425,2,1
504,NORTH PROMISE,-1394967360,SHELL,78865936,MERGANSER,115750726,2,1
505,NORTH PROMISE,-1394967360,BP,2126,MIRREN,-2020581755,2,0
506,E.R.GEORGINA,1421937723,SHELL,78865936,MERGANSER,115750726,6,1
507,E.R.GEORGINA,1421937723,BP,2126,MARNOCK-SKUA (oil),-1834447383,6,0
508,E.R.GEORGINA,1421937723,SHELL,78865936,EGRET,65919135,6,1
509,E.R.GEORGINA,1421937723,SHELL,78865936,HERON,68630420,6,1
510,E.R.GEORGINA,1421937723,SHELL,78865936,SCOTER (oil),-1442538815,6,1
511,E.R.GEORGINA,1421937723,BP,2126,MIRREN,-2020581755,6,0
512,FS PEGASUS,-601701905,TOTAL,80012068,ELGIN,66057637,1,1
513,SCOTIA,-1854435315,BP,2126,MIRREN,-2020581755,1,1
514,SKANDI FOULA,959056715,ENTERPRISE,-317644959,NELSON,-1995824163,3,1
515,SKANDI FOULA,959056715,BG,2117,HAWKINS,1419303713,3,0
516,SKANDI FOULA,959056715,BG,2117,SEYMOUR,-1586628474,3,0
517,VOS PARADISE,-1189956067,ANASURIA,-235474412,TEAL SOUTH,1851976425,2,0
518,FS PEGASUS,-601701905,TOTAL,80012068,ELGIN,66057637,2,1
519,E.R.GEORGINA,1421937723,SHELL,78865936,MERGANSER,115750726,3,1
520,E.R.GEORGINA,1421937723,SHELL,78865936,EGRET,65919135,3,1
521,E.R.GEORGINA,1421937723,SHELL,78865936,HERON,68630420,3,1
522,PACIFIC LEGEND,53845412,CENTRICA,-69415299,CHESTNUT,-1960392468,2,0
523,SKANDI BARRA,954942860,TOTAL,80012068,ELGIN,66057637,1,1
524,HIGHLAND GUARDIAN,-724772412,SHELL,78865936,GANNET A,-949074902,3,1
525,HIGHLAND GUARDIAN,-724772412,TOTAL,80012068,ELGIN,66057637,3,0
526,CALEDONIAN VIGILANCE,-520127344,BP,2126,MARNOCK-SKUA (cond),-1044193739,6,1
527,CALEDONIAN VIGILANCE,-520127344,REPSOL,-1881188397,BRECHIN,859081663,6,0
528,HAVILA COMMANDER,307948441,TOTAL,80012068,ELGIN,66057637,1,1
529,BEN NEVIS,-1836930316,PREMIER,399530060,HUNTINGTON,1921401732,3,1
530,OCEAN TROLL,-1846450929,SHELL,78865936,GANNET E,-949074898,5,1
531,OCEAN TROLL,-1846450929,SHELL,78865936,GANNET C,-949074900,5,1
532,OCEAN TROLL,-1846450929,TOTAL,80012068,ELGIN,66057637,5,0
533,OCEAN TROLL,-1846450929,DANA,2090736,GUILLEMOT WEST,-623234073,5,0
534,PACIFIC LEGEND,53845412,CENTRICA,-69415299,CHESTNUT,-1960392468,2,1
535,SKANDI FOULA,959056715,ENTERPRISE,-317644959,NELSON,-1995824163,2,1
536,SKANDI FOULA,959056715,BG,2117,EVEREST,-658413688,2,0
537,SKANDI OLYMPIA,1845953473,ANASURIA,-235474412,TEAL SOUTH,1851976425,1,1
538,SKANDI MARSTEIN,831976257,SHELL,78865936,MERGANSER,115750726,2,1
539,SKANDI MARSTEIN,831976257,SHELL,78865936,HERON,68630420,2,1
540,SKANDI BARRA,954942860,TOTAL,80012068,ELGIN,66057637,1,1
541,SKANDI MARSTEIN,831976257,SHELL,78865936,MERGANSER,115750726,2,1
542,SKANDI MARSTEIN,831976257,SHELL,78865936,HERON,68630420,2,1
543,CALEDONIAN VIGILANCE,-520127344,BP,2126,MARNOCK-SKUA (cond),-1044193739,5,1
544,CALEDONIAN VIGILANCE,-520127344,REPSOL,-1881188397,BRECHIN,859081663,5,0
545,NAO THUNDER,-53299808,TOTAL,80012068,ELGIN,66057637,1,1
546,VOS PACE,-935599687,ANASURIA,-235474412,TEAL SOUTH,1851976425,2,1
547,E.R.GEORGINA,1421937723,SHELL,78865936,MERGANSER,115750726,1,1
548,HAVILA COMMANDER,307948441,TOTAL,80012068,ELGIN,66057637,1,1
549,SKANDI BARRA,954942860,TOTAL,80012068,ELGIN,66057637,1,1
550,GRAMPIAN TALISMAN,-368125516,BP,2126,MARNOCK-SKUA (oil),-1834447383,4,1
551,GRAMPIAN TALISMAN,-368125516,BP,2126,MIRREN,-2020581755,4,1
552,GRAMPIAN TALISMAN,-368125516,BP,2126,MARNOCK-SKUA (cond),-1044193739,4,1
553,GRAMPIAN TALISMAN,-368125516,REPSOL,-1881188397,BRECHIN,859081663,4,0
554,HIGHLAND GUARDIAN,-724772412,SHELL,78865936,GANNET A,-949074902,3,1
555,HIGHLAND GUARDIAN,-724772412,ENTERPRISE,-317644959,NELSON,-1995824163,3,0
556,HIGHLAND GUARDIAN,-724772412,BG,2117,EVEREST,-658413688,3,0
557,E.R.GEORGINA,1421937723,SHELL,78865936,MERGANSER,115750726,2,1
558,E.R.GEORGINA,1421937723,SHELL,78865936,HERON,68630420,2,1
559,NORTH PROMISE,-1394967360,SHELL,78865936,GANNET A,-949074902,2,1
560,NORTH PROMISE,-1394967360,ENTERPRISE,-317644959,NELSON,-1995824163,2,0
561,PACIFIC LEGEND,53845412,ANASURIA,-235474412,TEAL SOUTH,1851976425,1,1
562,BEN NEVIS,-1836930316,CENTRICA,-69415299,CHESTNUT,-1960392468,1,1
563,GRAMPIAN TALISKER,-368127310,CENTRICA,-69415299,CHESTNUT,-1960392468,2,1
564,MAKALU,-2028194573,SHELL,78865936,MERGANSER,115750726,3,1
565,MAKALU,-2028194573,SHELL,78865936,HERON,68630420,3,1
566,MAKALU,-2028194573,BP,2126,MIRREN,-2020581755,3,0
567,VOS SENTINEL,-1098261302,REPSOL,-1881188397,BUCHAN,1970090533,1,1
568,SKANDI FOULA,959056715,SHELL,78865936,GANNET A,-949074902,2,1
569,PACIFIC LEADER,53665440,APACHE,1936779598,MAULE,73131642,1,1
570,SKANDI RONA,-1354178746,SHELL,78865936,GANNET A,-949074902,1,1
571,E.R.GEORGINA,1421937723,SHELL,78865936,MERGANSER,115750726,2,1
572,E.R.GEORGINA,1421937723,SHELL,78865936,HERON,68630420,2,1
573,GRAMPIAN TALISKER,-368127310,BP,2126,MARNOCK-SKUA (oil),-1834447383,5,1
574,GRAMPIAN TALISKER,-368127310,BP,2126,MARNOCK-SKUA (cond),-1044193739,5,1
575,GRAMPIAN TALISKER,-368127310,REPSOL,-1881188397,BRECHIN,859081663,5,0
576,HIGHLAND GUARDIAN,-724772412,SHELL,78865936,GANNET A,-949074902,4,1
577,HIGHLAND GUARDIAN,-724772412,ENTERPRISE,-317644959,NELSON,-1995824163,4,0
578,HIGHLAND GUARDIAN,-724772412,BG,2117,EVEREST,-658413688,4,0
579,HIGHLAND GUARDIAN,-724772412,BG,2117,SEYMOUR,-1586628474,4,0
580,SKANDI MARSTEIN,831976257,ANASURIA,-235474412,TEAL SOUTH,1851976425,1,1
581,SKANDI BARRA,954942860,TOTAL,80012068,ELGIN,66057637,1,1
582,NAO STORM,459707557,SHELL,78865936,MERGANSER,115750726,1,1
583,SKANDI FOULA,959056715,SHELL,78865936,GANNET A,-949074902,2,1
584,TROMS LYRA,759851013,PREMIER,399530060,HUNTINGTON,1921401732,4,1
585,BEN NEVIS,-1836930316,SHELL,78865936,GANNET A,-949074902,1,1
586,HAVILA COMMANDER,307948441,TOTAL,80012068,ELGIN,66057637,1,1
587,PACIFIC LEGEND,53845412,SHELL,78865936,MERGANSER,115750726,1,1
588,FS CYGNUS,1289462254,ENQUEST,-876275271,GROUSE,2110836259,3,1
589,FS CYGNUS,1289462254,ENQUEST,-876275271,KITTIWAKE,-28175409,3,1
590,GRAMPIAN TALISMAN,-368125516,BP,2126,MARNOCK-SKUA (oil),-1834447383,6,1
591,GRAMPIAN TALISMAN,-368125516,BP,2126,MIRREN,-2020581755,6,1
592,GRAMPIAN TALISMAN,-368125516,BP,2126,MARNOCK-SKUA (cond),-1044193739,6,1
593,GRAMPIAN TALISMAN,-368125516,REPSOL,-1881188397,BRECHIN,859081663,6,0
594,GRAMPIAN TALISMAN,-368125516,BP,2126,MONAN,73541657,6,1
595,SKANDI BARRA,954942860,TOTAL,80012068,ELGIN,66057637,1,1
596,TROMS LYRA,759851013,CENTRICA,-69415299,CHESTNUT,-1960392468,3,0
597,SKANDI FOULA,959056715,SHELL,78865936,GANNET A,-949074902,5,1
598,SKANDI FOULA,959056715,ENTERPRISE,-317644959,NELSON,-1995824163,5,0
599,SKANDI FOULA,959056715,BG,2117,HAWKINS,1419303713,5,0
600,SKANDI FOULA,959056715,BG,2117,EVEREST,-658413688,5,0
601,SKANDI FOULA,959056715,BG,2117,SEYMOUR,-1586628474,5,0
602,MAKALU,-2028194573,SHELL,78865936,MERGANSER,115750726,1,1
603,EDDA FERD,205022069,ENTERPRISE,-317644959,NELSON,-1995824163,3,1
604,GRAMPIAN TALISKER,-368127310,BP,2126,MARNOCK-SKUA (cond),-1044193739,5,1
605,GRAMPIAN TALISKER,-368127310,CENTRICA,-69415299,CHESTNUT,-1960392468,5,0
606,GRAMPIAN TALISKER,-368127310,REPSOL,-1881188397,BRECHIN,859081663,5,0
607,E.R.GEORGINA,1421937723,SHELL,78865936,MERGANSER,115750726,3,1
608,E.R.GEORGINA,1421937723,SHELL,78865936,HERON,68630420,3,1
609,E.R.GEORGINA,1421937723,BP,2126,MIRREN,-2020581755,3,0
610,NAO STORM,459707557,SHELL,78865936,MERGANSER,115750726,1,1
611,OCEAN TROLL,-1846450929,SHELL,78865936,GANNET E,-949074898,17,1
612,OCEAN TROLL,-1846450929,REPSOL,-1881188397,GODWIN,2107739616,17,0
613,OCEAN TROLL,-1846450929,ENQUEST,-876275271,MALLARD,1551718303,17,0
614,OCEAN TROLL,-1846450929,SHELL,78865936,GANNET D,-949074899,17,1
615,OCEAN TROLL,-1846450929,ANASURIA,-235474412,TEAL SOUTH,1851976425,17,0
616,OCEAN TROLL,-1846450929,REPSOL,-1881188397,SHAW,2543947,17,0
617,OCEAN TROLL,-1846450929,ANASURIA,-235474412,GUILLEMOT A,-1264103159,17,0
618,OCEAN TROLL,-1846450929,REPSOL,-1881188397,ARBROATH,-952916089,17,0
619,OCEAN TROLL,-1846450929,REPSOL,-1881188397,CAYLEY,1980908645,17,0
620,OCEAN TROLL,-1846450929,ITHACA,-2125253950,COOK,2074440,17,0
621,OCEAN TROLL,-1846450929,ENQUEST,-876275271,GADWALL,514602868,17,0
622,OCEAN TROLL,-1846450929,ANASURIA,-235474412,TEAL,2570844,17,0
623,OCEAN TROLL,-1846450929,DANA,2090736,GUILLEMOT WEST,-623234073,17,0
624,OCEAN TROLL,-1846450929,SHELL,78865936,GANNET G,-949074896,17,1
625,OCEAN TROLL,-1846450929,REPSOL,-1881188397,CARNOUSTIE,-2071798339,17,0
626,BRAGE TRADER,52434495,REPSOL,-1881188397,MONTROSE,463927351,5,1
627,BRAGE TRADER,52434495,REPSOL,-1881188397,GODWIN,2107739616,5,1
628,BRAGE TRADER,52434495,REPSOL,-1881188397,ARBROATH,-952916089,5,1
629,BRAGE TRADER,52434495,REPSOL,-1881188397,WOOD,2670253,5,1
630,BRAGE TRADER,52434495,REPSOL,-1881188397,CARNOUSTIE,-2071798339,5,1
631,FS CYGNUS,1289462254,ENQUEST,-876275271,KITTIWAKE,-28175409,2,1
632,FS PEGASUS,-601701905,NEXEN,74177002,BUZZARD,965041792,3,1
633,FS PEGASUS,-601701905,NEXEN,74177002,GOLDEN EAGLE,1429227533,3,1
634,VESTLAND INSULA,138562177,APACHE,1936779598,MAULE,73131642,8,1
635,VESTLAND INSULA,138562177,APACHE,1936779598,FORTIES,40754700,8,1
636,VESTLAND INSULA,138562177,APACHE,1936779598,BRIMMOND,985634380,8,1
637,TROMS LYRA,759851013,PREMIER,399530060,HUNTINGTON,1921401732,3,1
638,TROMS LYRA,759851013,REPSOL,-1881188397,WOOD,2670253,3,0
639,VOS PACE,-935599687,ANASURIA,-235474412,TEAL,2570844,3,1
640,VOS PACE,-935599687,ANASURIA,-235474412,TEAL SOUTH,1851976425,3,1
641,HAVILA COMMANDER,307948441,TOTAL,80012068,ELGIN,66057637,1,1
642,CALEDONIAN VIGILANCE,-520127344,BP,2126,MARNOCK-SKUA (cond),-1044193739,4,1
643,CALEDONIAN VIGILANCE,-520127344,REPSOL,-1881188397,BRECHIN,859081663,4,0
644,PACIFIC LEGEND,53845412,SHELL,78865936,MERGANSER,115750726,1,1
645,SKANDI FOULA,959056715,SHELL,78865936,GANNET A,-949074902,4,1
646,SKANDI FOULA,959056715,ENTERPRISE,-317644959,NELSON,-1995824163,4,0
647,SKANDI FOULA,959056715,BG,2117,EVEREST,-658413688,4,0
648,SKANDI FOULA,959056715,BG,2117,SEYMOUR,-1586628474,4,0
649,OLYMPUS,-641270883,PREMIER,399530060,HUNTINGTON,1921401732,2,1
650,OLYMPUS,-641270883,CENTRICA,-69415299,CHESTNUT,-1960392468,2,0
651,GRAMPIAN TALISMAN,-368125516,BP,2126,MARNOCK-SKUA (cond),-1044193739,1,1
652,SKANDI BARRA,954942860,TOTAL,80012068,ELGIN,66057637,1,1
653,MAKALU,-2028194573,SHELL,78865936,MERGANSER,115750726,1,1
654,VOS SENTINEL,-1098261302,REPSOL,-1881188397,BUCHAN,1970090533,1,1
655,PACIFIC LEADER,53665440,TOTAL,80012068,ELGIN,66057637,1,1
656,SENTINEL RANGER,309396049,NEXEN,74177002,BUZZARD,965041792,6,0
657,SENTINEL RANGER,309396049,NEXEN,74177002,GOLDEN EAGLE,1429227533,6,0
658,VOS PACE,-935599687,BG,2117,EVEREST,-658413688,2,0
659,PACIFIC LEGEND,53845412,SHELL,78865936,MERGANSER,115750726,1,1
660,PACIFIC LEGEND,53845412,SHELL,78865936,MERGANSER,115750726,2,1
661,FS PEGASUS,-601701905,NEXEN,74177002,BUZZARD,965041792,1,1
662,KL BARENTSFJORD,-987916959,ENQUEST,-876275271,KITTIWAKE,-28175409,1,1
663,NORTH PROMISE,-1394967360,SHELL,78865936,GANNET A,-949074902,2,1
664,GRAMPIAN TALISKER,-368127310,CENTRICA,-69415299,CHESTNUT,-1960392468,3,0
665,HAVILA COMMANDER,307948441,TOTAL,80012068,ELGIN,66057637,1,1
666,OLYMPUS,-641270883,CENTRICA,-69415299,CHESTNUT,-1960392468,1,1
667,HIGHLAND GUARDIAN,-724772412,BG,2117,SEYMOUR,-1586628474,1,1
668,SKANDI BARRA,954942860,TOTAL,80012068,ELGIN,66057637,1,1
669,CALEDONIAN VIGILANCE,-520127344,BP,2126,MARNOCK-SKUA (cond),-1044193739,3,1
670,SAYAN PRINCESS,621326161,PREMIER,399530060,HUNTINGTON,1921401732,2,1
671,NORTH PROMISE,-1394967360,SHELL,78865936,GANNET A,-949074902,1,1
672,E.R.GEORGINA,1421937723,SHELL,78865936,MERGANSER,115750726,1,1
673,OCEAN TROLL,-1846450929,SHELL,78865936,GANNET E,-949074898,7,1
674,OCEAN TROLL,-1846450929,SHELL,78865936,GANNET F,-949074897,7,1
675,OCEAN TROLL,-1846450929,SHELL,78865936,GANNET C,-949074900,7,1
676,OCEAN TROLL,-1846450929,TOTAL,80012068,ELGIN,66057637,7,0
677,OCEAN TROLL,-1846450929,ANASURIA,-235474412,TEAL SOUTH,1851976425,7,0
678,MAKALU,-2028194573,SHELL,78865936,MERGANSER,115750726,1,1
679,EDDA FERD,205022069,SHELL,78865936,GANNET A,-949074902,3,1
680,EDDA FERD,205022069,BG,2117,SEYMOUR,-1586628474,3,0
681,EDDA FERD,205022069,SHELL,78865936,GANNET G,-949074896,3,1
682,GRAMPIAN TALISMAN,-368125516,BP,2126,MIRREN,-2020581755,2,1
683,GRAMPIAN TALISMAN,-368125516,BP,2126,MARNOCK-SKUA (cond),-1044193739,2,1
684,VOS SENTINEL,-1098261302,REPSOL,-1881188397,BUCHAN,1970090533,1,1
685,EDDA FERD,205022069,SHELL,78865936,GANNET A,-949074902,1,1
686,STANDARD VIKING,52389773,CENTRICA,-69415299,CHESTNUT,-1960392468,5,0
687,CALEDONIAN VIGILANCE,-520127344,BP,2126,MARNOCK-SKUA (cond),-1044193739,4,1
688,SKANDI MARSTEIN,831976257,ANASURIA,-235474412,TEAL SOUTH,1851976425,1,1
689,SKANDI RONA,-1354178746,SHELL,78865936,GANNET A,-949074902,2,1
690,SKANDI RONA,-1354178746,ENTERPRISE,-317644959,NELSON,-1995824163,2,0
691,HAVILA COMMANDER,307948441,TOTAL,80012068,ELGIN,66057637,1,1
692,MAKALU,-2028194573,SHELL,78865936,MERGANSER,115750726,1,1
693,E.R.GEORGINA,1421937723,SHELL,78865936,MERGANSER,115750726,1,1
694,SKANDI CALEDONIA,-529200978,BP,2126,MARNOCK-SKUA (cond),-1044193739,2,0
695,SKANDI BARRA,954942860,TOTAL,80012068,ELGIN,66057637,1,1
696,EDDA FERD,205022069,ENTERPRISE,-317644959,NELSON,-1995824163,5,1
697,EDDA FERD,205022069,BG,2117,SEYMOUR,-1586628474,5,0
698,SKANDI FOULA,959056715,SHELL,78865936,GANNET A,-949074902,2,1
699,SKANDI RONA,-1354178746,TOTAL,80012068,ELGIN,66057637,1,1
700,SENTINEL RANGER,309396049,NEXEN,74177002,GOLDEN EAGLE,1429227533,5,0
701,SKANDI BARRA,954942860,TOTAL,80012068,ELGIN,66057637,2,1
702,EDDA FERD,205022069,ENTERPRISE,-317644959,NELSON,-1995824163,4,1
703,EDDA FERD,205022069,BG,2117,EVEREST,-658413688,4,0
704,EDDA FERD,205022069,BG,2117,SEYMOUR,-1586628474,4,0
705,KL SANDEFJORD,-865778693,TOTAL,80012068,ELGIN,66057637,2,1
706,SEA TITUS,-1145872340,CENTRICA,-69415299,CHESTNUT,-1960392468,2,1
707,VOS PACE,-935599687,ANASURIA,-235474412,TEAL SOUTH,1851976425,2,1
708,E.R.GEORGINA,1421937723,SHELL,78865936,MERGANSER,115750726,1,1
709,GRAMPIAN TALISMAN,-368125516,BP,2126,MIRREN,-2020581755,4,1
710,GRAMPIAN TALISMAN,-368125516,BP,2126,MARNOCK-SKUA (cond),-1044193739,4,1
711,GRAMPIAN TALISMAN,-368125516,BP,2126,MONAN,73541657,4,1
712,EDDA FERD,205022069,BG,2117,FLEMING,-57346796,5,1
713,EDDA FERD,205022069,SHELL,78865936,GANNET A,-949074902,5,0
714,EDDA FERD,205022069,ENTERPRISE,-317644959,NELSON,-1995824163,5,0
715,EDDA FERD,205022069,BG,2117,EVEREST,-658413688,5,1
716,EDDA FERD,205022069,BG,2117,SEYMOUR,-1586628474,5,1
717,BEN NEVIS,-1836930316,SHELL,78865936,GANNET A,-949074902,1,1
718,SKANDI BARRA,954942860,TOTAL,80012068,ELGIN,66057637,1,1
719,CALEDONIAN VIGILANCE,-520127344,BP,2126,MARNOCK-SKUA (cond),-1044193739,2,1
720,PACIFIC LEGEND,53845412,SHELL,78865936,MERGANSER,115750726,1,1
721,SKANDI RONA,-1354178746,TOTAL,80012068,ELGIN,66057637,2,1
722,MAKALU,-2028194573,SHELL,78865936,MERGANSER,115750726,2,1
723,MAKALU,-2028194573,SHELL,78865936,HERON,68630420,2,1
724,VOS PACE,-935599687,ANASURIA,-235474412,TEAL SOUTH,1851976425,2,1
725,HIGHLAND GUARDIAN,-724772412,SHELL,78865936,GANNET A,-949074902,1,1
726,SKANDI BARRA,954942860,TOTAL,80012068,ELGIN,66057637,2,1
727,NORTH PROMISE,-1394967360,BG,2117,FLEMING,-57346796,4,1
728,NORTH PROMISE,-1394967360,SHELL,78865936,GANNET A,-949074902,4,0
729,NORTH PROMISE,-1394967360,ENTERPRISE,-317644959,NELSON,-1995824163,4,0
730,NORTH PROMISE,-1394967360,BG,2117,EVEREST,-658413688,4,1
731,VIKING DYNAMIC,-854406455,PREMIER,399530060,HUNTINGTON,1921401732,3,1
732,HAVILA COMMANDER,307948441,TOTAL,80012068,ELGIN,66057637,1,1
733,HIGHLAND GUARDIAN,-724772412,BG,2117,EVEREST,-658413688,1,1
734,E.R.GEORGINA,1421937723,SHELL,78865936,MERGANSER,115750726,2,1
735,E.R.GEORGINA,1421937723,SHELL,78865936,HERON,68630420,2,1
736,FUGRO SEARCHER,377604736,ENQUEST,-876275271,GROUSE,2110836259,7,0
737,FUGRO SEARCHER,377604736,ENQUEST,-876275271,SCOLTY,-1854442638,7,0
738,FUGRO SEARCHER,377604736,ENQUEST,-876275271,KITTIWAKE,-28175409,7,0
739,MAERSK MASTER,-1212283639,TOTAL,80012068,ELGIN,66057637,1,1
740,PACIFIC LEGEND,53845412,SHELL,78865936,MERGANSER,115750726,2,1
741,PACIFIC LEGEND,53845412,SHELL,78865936,HERON,68630420,2,1
742,HAVILA COMMANDER,307948441,TOTAL,80012068,ELGIN,66057637,1,1
743,SKANDI RONA,-1354178746,TOTAL,80012068,ELGIN,66057637,2,1
744,SKANDI BARRA,954942860,TOTAL,80012068,ELGIN,66057637,1,1
745,E.R.GEORGINA,1421937723,SHELL,78865936,MERGANSER,115750726,1,1
746,HIGHLAND GUARDIAN,-724772412,BG,2117,SEYMOUR,-1586628474,1,1
747,EDDA FERD,205022069,SHELL,78865936,GANNET A,-949074902,2,1
748,GRAMPIAN TALISMAN,-368125516,BP,2126,MARNOCK-SKUA (oil),-1834447383,3,1
749,GRAMPIAN TALISMAN,-368125516,BP,2126,MARNOCK-SKUA (cond),-1044193739,3,1
750,GRAMPIAN TALISMAN,-368125516,REPSOL,-1881188397,BRECHIN,859081663,3,0
751,OLYMPUS,-641270883,CENTRICA,-69415299,CHESTNUT,-1960392468,1,1
752,SKANDI MARSTEIN,831976257,BP,2126,MARNOCK-SKUA (cond),-1044193739,1,1
753,PACIFIC LEGEND,53845412,SHELL,78865936,MERGANSER,115750726,3,1
754,PACIFIC LEGEND,53845412,SHELL,78865936,HERON,68630420,3,1
755,PACIFIC LEGEND,53845412,BP,2126,MIRREN,-2020581755,3,0
756,HAVILA COMMANDER,307948441,TOTAL,80012068,ELGIN,66057637,1,1
757,HAVILA AURORA,733882495,TOTAL,80012068,ELGIN,66057637,1,1
758,SKANDI MARSTEIN,831976257,SHELL,78865936,MERGANSER,115750726,1,1
759,SKANDI BARRA,954942860,TOTAL,80012068,ELGIN,66057637,1,1
760,OLYMPUS,-641270883,ANASURIA,-235474412,TEAL SOUTH,1851976425,1,1
761,VOS SENTINEL,-1098261302,REPSOL,-1881188397,BUCHAN,1970090533,1,1
762,NORTH PROMISE,-1394967360,SHELL,78865936,GANNET A,-949074902,4,1
763,NORTH PROMISE,-1394967360,REPSOL,-1881188397,CAYLEY,1980908645,4,0
764,NORTH PROMISE,-1394967360,BG,2117,EVEREST,-658413688,4,0
765,NORTH PROMISE,-1394967360,BG,2117,SEYMOUR,-1586628474,4,0
766,PACIFIC LEGEND,53845412,SHELL,78865936,MERGANSER,115750726,2,1
767,PACIFIC LEGEND,53845412,BP,2126,MIRREN,-2020581755,2,0
768,E.R.GEORGINA,1421937723,SHELL,78865936,MERGANSER,115750726,2,1
769,E.R.GEORGINA,1421937723,SHELL,78865936,HERON,68630420,2,1
770,HIGHLAND GUARDIAN,-724772412,TOTAL,80012068,ELGIN,66057637,3,1
771,SENTINEL RANGER,309396049,NEXEN,74177002,BUZZARD,965041792,5,0
772,SENTINEL RANGER,309396049,NEXEN,74177002,GOLDEN EAGLE,1429227533,5,0
773,OLYMPIC ARES,437265990,BP,2126,MARNOCK-SKUA (cond),-1044193739,3,0
774,HAVILA COMMANDER,307948441,TOTAL,80012068,ELGIN,66057637,2,1
775,MAKALU,-2028194573,SHELL,78865936,MERGANSER,115750726,3,1
776,MAKALU,-2028194573,BP,2126,MIRREN,-2020581755,3,0
777,NORTH PROMISE,-1394967360,SHELL,78865936,GANNET A,-949074902,1,1
778,SKANDI RONA,-1354178746,BG,2117,SEYMOUR,-1586628474,1,1
779,SKANDI BARRA,954942860,TOTAL,80012068,ELGIN,66057637,2,1
780,GRAMPIAN TALISMAN,-368125516,BP,2126,MARNOCK-SKUA (cond),-1044193739,1,1
781,CALEDONIANVISION,-101605454,BP,2126,MARNOCK-SKUA (cond),-1044193739,4,1
782,HAVILA COMMANDER,307948441,TOTAL,80012068,ELGIN,66057637,1,1
783,E.R.GEORGINA,1421937723,SHELL,78865936,MERGANSER,115750726,2,1
784,E.R.GEORGINA,1421937723,SHELL,78865936,HERON,68630420,2,1
785,E.R.GEORGINA,1421937723,SHELL,78865936,MERGANSER,115750726,1,1
786,SKANDI BARRA,954942860,TOTAL,80012068,ELGIN,66057637,1,1
787,HAVILA COMMANDER,307948441,TOTAL,80012068,ELGIN,66057637,1,1
788,CALEDONIAN VIGILANCE,-520127344,BP,2126,MARNOCK-SKUA (cond),-1044193739,3,0
789,NORTH PROMISE,-1394967360,ENTERPRISE,-317644959,NELSON,-1995824163,2,1
790,NORTH PROMISE,-1394967360,BG,2117,EVEREST,-658413688,2,0
791,OLYMPUS,-641270883,ANASURIA,-235474412,TEAL SOUTH,1851976425,1,1
792,VOS TRADER,-1332976204,ENQUEST,-876275271,GOOSANDER,299801432,7,0
793,VOS TRADER,-1332976204,REPSOL,-1881188397,BUCHAN,1970090533,7,0
794,VOS TRADER,-1332976204,ENQUEST,-876275271,KITTIWAKE,-28175409,7,0
795,STANDARD VIKING,52389773,PREMIER,399530060,HUNTINGTON,1921401732,4,1
796,STANDARD VIKING,52389773,CENTRICA,-69415299,CHESTNUT,-1960392468,4,0
797,SKANDI SKANSEN,1050239809,ANASURIA,-235474412,TEAL,2570844,1,1
798,NORTH CRUYS,1868110949,SHELL,78865936,MERGANSER,115750726,2,1
799,NORTH CRUYS,1868110949,SHELL,78865936,HERON,68630420,2,1
800,CALEDONIAN VIGILANCE,-520127344,BP,2126,MARNOCK-SKUA (cond),-1044193739,3,1
801,NORTH PROMISE,-1394967360,SHELL,78865936,GANNET A,-949074902,2,1
802,NORTH PROMISE,-1394967360,BG,2117,SEYMOUR,-1586628474,2,0
803,E.R.GEORGINA,1421937723,SHELL,78865936,MERGANSER,115750726,1,1
804,SKANDI BARRA,954942860,TOTAL,80012068,ELGIN,66057637,1,1
805,OCEAN TROLL,-1846450929,SHELL,78865936,GANNET E,-949074898,15,1
806,OCEAN TROLL,-1846450929,REPSOL,-1881188397,GODWIN,2107739616,15,0
807,OCEAN TROLL,-1846450929,SHELL,78865936,GANNET C,-949074900,15,1
808,OCEAN TROLL,-1846450929,SHELL,78865936,GANNET A,-949074902,15,1
809,OCEAN TROLL,-1846450929,TOTAL,80012068,ELGIN,66057637,15,0
810,OCEAN TROLL,-1846450929,ANASURIA,-235474412,TEAL SOUTH,1851976425,15,0
811,OCEAN TROLL,-1846450929,REPSOL,-1881188397,ARKWRIGHT,68113087,15,0
812,OCEAN TROLL,-1846450929,REPSOL,-1881188397,MONTROSE,463927351,15,0
813,OCEAN TROLL,-1846450929,SHELL,78865936,EGRET,65919135,15,1
814,OCEAN TROLL,-1846450929,REPSOL,-1881188397,ARBROATH,-952916089,15,0
815,OCEAN TROLL,-1846450929,ANASURIA,-235474412,TEAL,2570844,15,0
816,OCEAN TROLL,-1846450929,REPSOL,-1881188397,CARNOUSTIE,-2071798339,15,0
817,OLYMPUS,-641270883,ANASURIA,-235474412,TEAL SOUTH,1851976425,1,1
818,PACIFIC LEGEND,53845412,SHELL,78865936,MERGANSER,115750726,1,1
819,HAVILA COMMANDER,307948441,TOTAL,80012068,ELGIN,66057637,1,1
820,SKANDI BARRA,954942860,TOTAL,80012068,ELGIN,66057637,1,1
821,GRAMPIAN TALISMAN,-368125516,BP,2126,MARNOCK-SKUA (cond),-1044193739,2,1
822,GRAMPIAN TALISMAN,-368125516,BP,2126,MONAN,73541657,2,1
823,NORMAND FLIPPER,1648764619,SHELL,78865936,MERGANSER,115750726,5,1
824,NORMAND FLIPPER,1648764619,SHELL,78865936,EGRET,65919135,5,1
825,NORMAND FLIPPER,1648764619,SHELL,78865936,HERON,68630420,5,1
826,STRIL ODIN,-1180463258,REPSOL,-1881188397,SHAW,2543947,4,0
827,PACIFIC LEGEND,53845412,SHELL,78865936,MERGANSER,115750726,1,1
828,HAVILA COMMANDER,307948441,TOTAL,80012068,ELGIN,66057637,1,1
829,STANDARD VIKING,52389773,CENTRICA,-69415299,CHESTNUT,-1960392468,2,1
830,NORTH PROMISE,-1394967360,BG,2117,EVEREST,-658413688,1,1
831,VOS SENTINEL,-1098261302,REPSOL,-1881188397,TWEEDSMUIR SOUTH,-1980599984,2,1
832,VOS SENTINEL,-1098261302,REPSOL,-1881188397,BUCHAN,1970090533,2,1
833,E.R.GEORGINA,1421937723,SHELL,78865936,MERGANSER,115750726,1,1
834,SENTINEL RANGER,309396049,NEXEN,74177002,BUZZARD,965041792,7,0
835,SENTINEL RANGER,309396049,NEXEN,74177002,GOLDEN EAGLE,1429227533,7,0
836,NORTH PROMISE,-1394967360,BG,2117,FLEMING,-57346796,1,1
837,BRAGE TRADER,52434495,NEXEN,74177002,BUZZARD,965041792,2,1
838,BRAGE TRADER,52434495,REPSOL,-1881188397,SHAW,2543947,2,0
839,OLYMPUS,-641270883,CENTRICA,-69415299,CHESTNUT,-1960392468,1,1
840,SCOTIA,-1854435315,CONOCOPHILLIPS,-1970780364,BRODGAR,868345459,14,0
841,SKANDI BARRA,954942860,TOTAL,80012068,ELGIN,66057637,1,1
842,HAVILA COMMANDER,307948441,TOTAL,80012068,ELGIN,66057637,2,1
843,CALEDONIAN VIGILANCE,-520127344,BP,2126,MARNOCK-SKUA (cond),-1044193739,5,1
844,PACIFIC LEGEND,53845412,SHELL,78865936,MERGANSER,115750726,1,1
845,ISLAND CHAMPION,-348787180,CENTRICA,-69415299,CHESTNUT,-1960392468,2,0
846,SKANDI BUCHAN,-443528389,TOTAL,80012068,ELGIN,66057637,1,1
847,VOS PACE,-935599687,ANASURIA,-235474412,TEAL SOUTH,1851976425,2,1
848,HIGHLAND GUARDIAN,-724772412,SHELL,78865936,GANNET A,-949074902,1,1
849,SKANDI BARRA,954942860,TOTAL,80012068,ELGIN,66057637,1,1
850,GRAMPIAN TALISMAN,-368125516,BP,2126,MARNOCK-SKUA (cond),-1044193739,2,1
851,SKANDI CARLA,955866195,APACHE,1936779598,MAULE,73131642,8,1
852,SKANDI CARLA,955866195,APACHE,1936779598,FORTIES,40754700,8,1
853,SKANDI SOTRA,971061713,APACHE,1936779598,MAULE,73131642,4,1
854,MAKALU,-2028194573,SHELL,78865936,MERGANSER,115750726,4,1
855,MAKALU,-2028194573,SHELL,78865936,HERON,68630420,4,1
856,MAKALU,-2028194573,SHELL,78865936,GANNET A,-949074902,4,1
857,MAKALU,-2028194573,BP,2126,MIRREN,-2020581755,4,0
858,E.R.GEORGINA,1421937723,SHELL,78865936,MERGANSER,115750726,1,1
859,STANDARD SUPPLIER,83165135,PREMIER,399530060,HUNTINGTON,1921401732,5,1
860,STANDARD SUPPLIER,83165135,CENTRICA,-69415299,CHESTNUT,-1960392468,5,0
861,OLYMPUS,-641270883,ENQUEST,-876275271,KITTIWAKE,-28175409,1,1
862,HAVILA COMMANDER,307948441,TOTAL,80012068,ELGIN,66057637,3,1
863,HAVILA COMMANDER,307948441,BG,2117,SEYMOUR,-1586628474,3,0
864,OCEAN TROLL,-1846450929,TOTAL,80012068,ELGIN,66057637,2,0
865,HIGHLAND GUARDIAN,-724772412,SHELL,78865936,GANNET A,-949074902,1,1
866,NORTH PROMISE,-1394967360,BG,2117,EVEREST,-658413688,1,1
867,CALEDONIANVISION,-101605454,BP,2126,MARNOCK-SKUA (cond),-1044193739,3,1
868,STANDARD SUPPLIER,83165135,PREMIER,399530060,HUNTINGTON,1921401732,4,1
869,STANDARD SUPPLIER,83165135,CENTRICA,-69415299,CHESTNUT,-1960392468,4,0
870,STANDARD PRINCESS,579635052,SHELL,78865936,MERGANSER,115750726,3,1
871,STANDARD PRINCESS,579635052,SHELL,78865936,HERON,68630420,3,1
872,STANDARD PRINCESS,579635052,BP,2126,MIRREN,-2020581755,3,0
873,E.R.GEORGINA,1421937723,SHELL,78865936,MERGANSER,115750726,1,1
874,STANDARD PRINCESS,579635052,PREMIER,399530060,HUNTINGTON,1921401732,1,1
875,SKANDI BARRA,954942860,TOTAL,80012068,ELGIN,66057637,1,1
876,EDDA FERD,205022069,PREMIER,399530060,HUNTINGTON,1921401732,2,1
877,E.R.GEORGINA,1421937723,SHELL,78865936,MERGANSER,115750726,2,1
878,E.R.GEORGINA,1421937723,BP,2126,MIRREN,-2020581755,2,0
879,HAVILA COMMANDER,307948441,TOTAL,80012068,ELGIN,66057637,2,1
880,CALEDONIAN VIGILANCE,-520127344,BP,2126,MARNOCK-SKUA (cond),-1044193739,3,1
881,SKANDI BUCHAN,-443528389,TOTAL,80012068,ELGIN,66057637,1,1
882,SKANDI RONA,-1354178746,TOTAL,80012068,ELGIN,66057637,2,1
883,NAO GUARDIAN,-455264203,CENTRICA,-69415299,CHESTNUT,-1960392468,1,1
884,SKANDI BARRA,954942860,TOTAL,80012068,ELGIN,66057637,1,1
885,HIGHLAND CHIEFTAIN,-1099865052,SHELL,78865936,GANNET F,-949074897,3,1
886,HIGHLAND CHIEFTAIN,-1099865052,ANASURIA,-235474412,TEAL SOUTH,1851976425,3,0
887,OLYMPUS,-641270883,PREMIER,399530060,HUNTINGTON,1921401732,3,1
888,HIGHLAND GUARDIAN,-724772412,NEXEN,74177002,GOLDEN EAGLE,1429227533,2,1
889,VOS SENTINEL,-1098261302,REPSOL,-1881188397,BUCHAN,1970090533,1,1
890,E.R.GEORGINA,1421937723,SHELL,78865936,MERGANSER,115750726,1,1
891,SKANDI OLYMPIA,1845953473,TOTAL,80012068,ELGIN,66057637,2,1
892,PORTLAND SENTINEL,-1127092264,NEXEN,74177002,BUZZARD,965041792,5,0
893,HAVILA COMMANDER,307948441,TOTAL,80012068,ELGIN,66057637,2,1
894,HIGHLAND GUARDIAN,-724772412,SHELL,78865936,GANNET A,-949074902,1,1
895,CALEDONIAN VIGILANCE,-520127344,BP,2126,MARNOCK-SKUA (cond),-1044193739,3,1
896,STANDARD VIKING,52389773,SHELL,78865936,GANNET F,-949074897,1,1
897,NORTH PROMISE,-1394967360,SHELL,78865936,GANNET A,-949074902,3,1
898,NORTH PROMISE,-1394967360,ENTERPRISE,-317644959,NELSON,-1995824163,3,0
899,NORTH PROMISE,-1394967360,BG,2117,HAWKINS,1419303713,3,0
900,OLYMPUS,-641270883,ANASURIA,-235474412,TEAL SOUTH,1851976425,1,1
901,E.R.GEORGINA,1421937723,SHELL,78865936,MERGANSER,115750726,2,1
902,E.R.GEORGINA,1421937723,SHELL,78865936,HERON,68630420,2,1
903,VOS PACE,-935599687,BP,2126,MARNOCK-SKUA (cond),-1044193739,3,1
904,VOS PACE,-935599687,REPSOL,-1881188397,BRECHIN,859081663,3,0
905,SKANDI OLYMPIA,1845953473,TOTAL,80012068,ELGIN,66057637,1,1
906,HAVILA COMMANDER,307948441,TOTAL,80012068,ELGIN,66057637,1,1
907,NORTH PROMISE,-1394967360,SHELL,78865936,GANNET A,-949074902,2,1
908,NORTH PROMISE,-1394967360,SHELL,78865936,GANNET G,-949074896,2,1
909,SKANDI BARRA,954942860,TOTAL,80012068,ELGIN,66057637,1,1
910,HIGHLAND GUARDIAN,-724772412,ENTERPRISE,-317644959,NELSON,-1995824163,2,1
911,EDT HERCULES,1500509854,REPSOL,-1881188397,MONTROSE,463927351,5,1
912,EDT HERCULES,1500509854,REPSOL,-1881188397,ARBROATH,-952916089,5,1
913,EDT HERCULES,1500509854,REPSOL,-1881188397,CARNOUSTIE,-2071798339,5,1
914,NAO STORM,459707557,ENQUEST,-876275271,KITTIWAKE,-28175409,1,1
915,HAVILA AURORA,733882495,CENTRICA,-69415299,CHESTNUT,-1960392468,2,1
916,VOS PARTNER,1901852482,SHELL,78865936,MERGANSER,115750726,1,1
917,CALEDONIAN VIGILANCE,-520127344,BP,2126,MARNOCK-SKUA (cond),-1044193739,4,1
918,SIEM BARRACUDA,-1102067537,ANASURIA,-235474412,TEAL SOUTH,1851976425,2,1
919,SIEM BARRACUDA,-1102067537,ANASURIA,-235474412,TEAL,2570844,2,1
920,E.R.GEORGINA,1421937723,SHELL,78865936,MERGANSER,115750726,1,1
921,SEA TITUS,-1145872340,TOTAL,80012068,ELGIN,66057637,2,1
922,HAVILA COMMANDER,307948441,TOTAL,80012068,ELGIN,66057637,1,1
923,STRIL ODIN,-1180463258,BG,2117,SEYMOUR,-1586628474,1,1
924,OCEAN TROLL,-1846450929,SHELL,78865936,MERGANSER,115750726,8,1
925,OCEAN TROLL,-1846450929,REPSOL,-1881188397,MONTROSE,463927351,8,0
926,OCEAN TROLL,-1846450929,SHELL,78865936,GANNET F,-949074897,8,1
927,OCEAN TROLL,-1846450929,REPSOL,-1881188397,ARBROATH,-952916089,8,0
928,OCEAN TROLL,-1846450929,SHELL,78865936,GANNET A,-949074902,8,1
929,OCEAN TROLL,-1846450929,TOTAL,80012068,ELGIN,66057637,8,0
930,OCEAN TROLL,-1846450929,REPSOL,-1881188397,CARNOUSTIE,-2071798339,8,0
931,E.R.GEORGINA,1421937723,SHELL,78865936,MERGANSER,115750726,1,1
932,SKANDI BUCHAN,-443528389,TOTAL,80012068,ELGIN,66057637,1,1
933,OLYMPIC ARES,437265990,ENQUEST,-876275271,GROUSE,2110836259,5,0
934,SKANDI RONA,-1354178746,SHELL,78865936,GANNET A,-949074902,1,1
935,GRAMPIAN TALISMAN,-368125516,BP,2126,MIRREN,-2020581755,2,1
936,GRAMPIAN TALISMAN,-368125516,BP,2126,MARNOCK-SKUA (cond),-1044193739,2,1
937,OCEAN RELIANCE,94326081,CONOCOPHILLIPS,-1970780364,ENOCHDHU,-1468536634,4,1
938,SKANDI OLYMPIA,1845953473,TOTAL,80012068,ELGIN,66057637,6,1
939,STANDARD PRINCESS,579635052,CENTRICA,-69415299,CHESTNUT,-1960392468,1,1
940,GRAMPIAN TALISKER,-368127310,BP,2126,MARNOCK-SKUA (cond),-1044193739,3,1
941,GRAMPIAN TALISKER,-368127310,REPSOL,-1881188397,BRECHIN,859081663,3,0
942,SKANDI BARRA,954942860,TOTAL,80012068,ELGIN,66057637,1,1
943,HAVILA COMMANDER,307948441,TOTAL,80012068,ELGIN,66057637,1,1
944,HIGHLAND CHIEFTAIN,-1099865052,ANASURIA,-235474412,TEAL SOUTH,1851976425,1,1
945,STANDARD VIKING,52389773,SHELL,78865936,GANNET F,-949074897,1,1
946,SEA TITUS,-1145872340,PREMIER,399530060,SHELLEY,-1519244604,4,1
947,E.R.GEORGINA,1421937723,SHELL,78865936,MERGANSER,115750726,1,1
948,STANDARD PRINCESS,579635052,CENTRICA,-69415299,CHESTNUT,-1960392468,1,1
949,FUGRO VENTURER,1685640298,BP,2126,MADOES,-2028389875,8,1
950,FUGRO VENTURER,1685640298,BP,2126,MIRREN,-2020581755,8,1
951,FUGRO VENTURER,1685640298,BP,2126,MARNOCK-SKUA (cond),-1044193739,8,1
952,FUGRO VENTURER,1685640298,BP,2126,MONAN,73541657,8,1
953,VOS SENTINEL,-1098261302,REPSOL,-1881188397,TWEEDSMUIR SOUTH,-1980599984,3,1
954,VOS SENTINEL,-1098261302,REPSOL,-1881188397,BUCHAN,1970090533,3,1
955,VOS SENTINEL,-1098261302,REPSOL,-1881188397,TWEEDSMUIR,1171872259,3,1
956,HIGHLAND GUARDIAN,-724772412,BG,2117,FLEMING,-57346796,2,1
957,HIGHLAND GUARDIAN,-724772412,ENTERPRISE,-317644959,NELSON,-1995824163,2,0
958,HAVILA COMMANDER,307948441,TOTAL,80012068,ELGIN,66057637,2,1
959,E.R.GEORGINA,1421937723,SHELL,78865936,MERGANSER,115750726,1,1
960,DEMAREST TIDE,1923216461,PREMIER,399530060,HUNTINGTON,1921401732,2,1
961,GRAMPIAN TALISMAN,-368125516,BP,2126,MIRREN,-2020581755,1,1
962,SKANDI BUCHAN,-443528389,TOTAL,80012068,ELGIN,66057637,2,1
963,STRIL ODIN,-1180463258,SHELL,78865936,EGRET,65919135,1,1
964,SKANDI BARRA,954942860,TOTAL,80012068,ELGIN,66057637,1,1
965,HIGHLAND GUARDIAN,-724772412,ENTERPRISE,-317644959,NELSON,-1995824163,1,1
966,NORTH PROMISE,-1394967360,SHELL,78865936,GANNET A,-949074902,1,1
967,DINA SCOUT,2070070710,ANASURIA,-235474412,TEAL SOUTH,1851976425,1,1
968,HIGHLAND GUARDIAN,-724772412,ENTERPRISE,-317644959,NELSON,-1995824163,1,1
969,SKANDI BUCHAN,-443528389,TOTAL,80012068,ELGIN,66057637,1,1
970,HAVILA COMMANDER,307948441,TOTAL,80012068,ELGIN,66057637,1,1
971,STANDARD PRINCESS,579635052,CENTRICA,-69415299,CHESTNUT,-1960392468,1,1
972,E.R.GEORGINA,1421937723,SHELL,78865936,MERGANSER,115750726,1,1
973,OCEAN TROLL,-1846450929,SHELL,78865936,MERGANSER,115750726,4,1
974,OCEAN TROLL,-1846450929,REPSOL,-1881188397,ARBROATH,-952916089,4,0
975,OCEAN TROLL,-1846450929,REPSOL,-1881188397,CARNOUSTIE,-2071798339,4,0
976,MAERSK LASER,-594219228,SHELL,78865936,EGRET,65919135,2,1
977,STANDARD VIKING,52389773,SHELL,78865936,GANNET F,-949074897,2,1
978,NORMAND FORTUNE,1743087996,SHELL,78865936,MERGANSER,115750726,5,1
979,NORMAND FORTUNE,1743087996,SHELL,78865936,HERON,68630420,5,1
980,NORMAND FORTUNE,1743087996,SHELL,78865936,SCOTER (oil),-1442538815,5,1
981,NORMAND FLIPPER,1648764619,SHELL,78865936,GANNET A,-949074902,4,1
982,NORMAND FLIPPER,1648764619,NEXEN,74177002,BUZZARD,965041792,4,0
983,NORMAND FLIPPER,1648764619,NEXEN,74177002,GOLDEN EAGLE,1429227533,4,0
984,STANDARD PRINCESS,579635052,CENTRICA,-69415299,CHESTNUT,-1960392468,1,1
985,CALEDONIANVISION,-101605454,BP,2126,MARNOCK-SKUA (cond),-1044193739,3,1
986,FAR SOLITAIRE,-1129006195,CENTRICA,-69415299,CHESTNUT,-1960392468,1,1
987,SKANDI MARSTEIN,831976257,PREMIER,399530060,HUNTINGTON,1921401732,1,1
